date,var_3 Mo,var_6 Mo,var_1 Yr,var_2 Yr,var_5 Yr,var_10 Yr,var_30 Yr
1991-07-08,0.0004616930207298,0.0004685791412592,0.0004784013664772,0.0004315107402145,0.0002270751816752,0.0003853942760053,0.0007356098974492
1991-08-05,0.0004421419270225,0.0004332946846404,0.0005140032606363,0.000421008859844,0.0002365814253445,0.0003679824165981,0.0007215599968324
1991-09-03,0.0004399527464488,0.0004580602761192,0.0005652613058844,0.0004343179115691,0.0002208769750816,0.0003354981036132,0.0006885847116498
1991-10-01,0.0004267516329699,0.0004528615035122,0.0005402755772666,0.0004238502906311,0.0002263502713383,0.0003334835981577,0.0006555748942453
1991-10-30,0.0004138174434009,0.0004446810813248,0.0005458034226135,0.0004122391466949,0.0002424551463468,0.0003485218805075,0.0006616346434474
1991-11-29,0.0003993599744606,0.0004104767575552,0.0005419446918196,0.00036955132295,0.0002456138895506,0.0003322932560829,0.0006410503240147
1991-12-30,0.0004572499456935,0.0004458435643722,0.000555136572251,0.0003850463068821,0.0002536770330903,0.0003826533697307,0.0006416933829306
1992-01-29,0.0004530624273848,0.0004333549375085,0.0005178385895371,0.0004016332032778,0.0003329646545981,0.0004312561460204,0.000638149782995
1992-02-27,0.0004385968253692,0.0004124687816252,0.0005047583860852,0.0004337633767077,0.0003625360214237,0.0003871595480873,0.0005518880197503
1992-03-26,0.000425285987846,0.0004114141441103,0.0005199573578156,0.0004732176773053,0.0003849808251509,0.0003963070093388,0.0005301997431588
1992-04-24,0.000402475261612,0.0004037485204404,0.0005543721738995,0.0005659390680237,0.0004032764223557,0.0003639957855493,0.0004737807988676
1992-05-22,0.0004008251346681,0.0004076195485589,0.000569739595289,0.0006251493420901,0.0004286383000702,0.0003544881843962,0.0004441673287979
1992-06-22,0.0003954123202099,0.0003674964824994,0.0005668074658555,0.0006365242973609,0.0004420900542931,0.000352426841025,0.0004185327873336
1992-07-21,0.0003441925678106,0.0003532496909693,0.0005896550561417,0.0006480280549343,0.0004701462823501,0.0003417303284533,0.000378086946931
1992-08-18,0.0003162877936241,0.0003132147937789,0.0005521327299916,0.00067303060224,0.0005550491775672,0.000350651591521,0.0003246623036268
1992-09-16,0.0003089169674385,0.0003184697702177,0.0005774267908805,0.0006709698118414,0.0006252390101193,0.0003683773884436,0.0002987320144925
1992-10-15,0.0003203274482387,0.0003081057761638,0.0005754772126671,0.000681947062451,0.0006710734165409,0.0003768756591208,0.0003050579508188
1992-11-13,0.000304562705711,0.0003050782169324,0.0005758042094583,0.0007022454305557,0.0007235906079267,0.0004319569704741,0.0002934787600587
1992-12-14,0.0002905674009265,0.0003042640022357,0.0005864502333291,0.0006907464488702,0.000755309205799,0.000435584422598,0.000283231128735
1993-01-13,0.0002964566101259,0.0003058616222349,0.0005947037947244,0.0006779891510576,0.000769914311752,0.0004511109929002,0.0002825874837056
1993-02-11,0.0003067265027978,0.0002976858677988,0.0005511083441332,0.0007122309971929,0.0007991071367342,0.0004587209611585,0.000283209406126
1993-03-12,0.0002797911003778,0.000268316013778,0.000505498168,0.0007260386215875,0.0008514719735267,0.0005057518440547,0.0002770406065908
1993-04-12,0.0002737207627535,0.0002642281281438,0.0005061758919613,0.0007398651986532,0.0008808951828209,0.0005181620901597,0.0003031749772125
1993-05-10,0.000279440347898,0.0002517825598444,0.0004818477646742,0.0007441528626833,0.000880683713323,0.0005041762961191,0.0002796496812947
1993-06-08,0.0002683830972603,0.0002452196036155,0.0004912993318015,0.0007814444446553,0.0008713011943568,0.0004942306151597,0.0002709522604874
1993-07-07,0.0002121098385362,0.0001977372462743,0.0004746807219574,0.0007769206720749,0.0008520196613179,0.0004395372627423,0.0002525838580714
1993-08-04,0.0002114019994859,0.0001951025227393,0.0004712271196865,0.0007401895260556,0.0007936355704295,0.000403160213058,0.0002546366459457
1993-09-01,0.0002102836928953,0.0001815932350448,0.000448890254624,0.0006991562790949,0.0007736813172502,0.0003869783910206,0.0002709224214116
1993-09-30,0.0002094236293808,0.0001806060852977,0.0004297693255735,0.0006806986915574,0.0007516285331331,0.0003836824369987,0.0002993196615918
1993-10-29,0.0002048110841934,0.0001634711747984,0.0003824581579907,0.0005907825048046,0.0007453281929803,0.0004030017613495,0.0003141184870019
1993-11-30,0.000202910661307,0.0001520036378172,0.0003526321112618,0.0005433641321681,0.0007400640019202,0.0004279545445691,0.0003223049543233
1993-12-29,0.0002087713384565,0.0001504771950596,0.0003399832880927,0.0005167377845893,0.0007142711779873,0.0004386889752707,0.0003351337961079
1994-01-27,0.0001772067887173,0.0001286046356893,0.0002907395885142,0.0004984761607632,0.0006864576768586,0.0004373944461872,0.0003455169955526
1994-02-25,0.0001895875043274,0.0001397297416701,0.0002942254265603,0.0004756851066651,0.000640112085739,0.0004583207238955,0.0003680584470166
1994-03-25,0.0002073871934271,0.0001230685332746,0.0002723680805408,0.0004661267900359,0.0005762666010014,0.0004653897404244,0.0003953992958528
1994-04-25,0.0002211643979453,0.0001423023841291,0.0003138998596568,0.0004588235541,0.0005816577445666,0.0005303999846134,0.0004221808121857
1994-05-24,0.000258063403309,0.0002060965249802,0.0003209226566215,0.0004617177281306,0.0005497860012023,0.0005585954915604,0.000471167072535
1994-06-22,0.0002524725222419,0.0002163805591112,0.0003129484056768,0.0004439179089029,0.0005268808620519,0.0005719879172332,0.000493325845047
1994-07-21,0.0002676723369883,0.0002588332484465,0.000349334610925,0.000440403965615,0.0005201424312517,0.0005706311730142,0.0005140673550902
1994-08-18,0.0003305331186696,0.0002872879428695,0.0003870269185113,0.0004224456881841,0.0005008901534738,0.0005833828461425,0.000535739181365
1994-09-16,0.0003297966964718,0.0003061586498694,0.0003891459063785,0.0003758240737224,0.0004507453921311,0.0005384502837125,0.0005560329263449
1994-10-17,0.0004651726746069,0.0003469567545401,0.0003853473864097,0.0003678670422415,0.0004217367429503,0.0005379986939621,0.0005295103873562
1994-11-15,0.000487774468687,0.0003642476116411,0.0004128454833908,0.0003663487654497,0.0004162267516402,0.0005433236571127,0.0005332991414148
1994-12-14,0.0005410507266371,0.0004340314286597,0.0004965689462667,0.0003583576811261,0.0004507185414517,0.0005792633450762,0.0005303345461406
1995-01-13,0.0006551484779305,0.0004509457595335,0.0005797306689852,0.000373723481858,0.000450014074398,0.0005783160081755,0.0005459144852939
1995-02-13,0.0006971146662823,0.0004549048469418,0.0006326052400609,0.0004075176067463,0.0004479141160942,0.000581457461324,0.0005486028927602
1995-03-14,0.0007055837937478,0.0004584383842677,0.0006759677978946,0.0004231005311514,0.0004625525155424,0.0005977347599169,0.0005186803670785
1995-04-11,0.0007091123739208,0.0004624771078667,0.0006948978959264,0.000410175047942,0.0004747671768777,0.0005911088179952,0.0004891272446805
1995-05-10,0.0007058244683789,0.0004662105784978,0.0007284894217828,0.00044842607689,0.0004913937006196,0.0005561647741318,0.0004945083359904
1995-06-08,0.0007185741930325,0.0004888051702677,0.00075961456886,0.0004926401158437,0.0005281862770057,0.0005459997905798,0.000482763819514
1995-07-07,0.0007292834156666,0.0005147994097733,0.0008369490370371,0.0005895389927366,0.0005884708073353,0.0005674395540802,0.0004733803278874
1995-08-04,0.0007222711894831,0.0005196156675486,0.000857283389474,0.0005923946262258,0.00057665575494,0.0005674494682266,0.0004981569303148
1995-09-01,0.0007081984547005,0.0005141132853719,0.0008544659877538,0.0005943707184931,0.0005793762366384,0.0005315619791298,0.0004863781249215
1995-10-02,0.0007090248865858,0.000524897323959,0.0008561121898197,0.0006081297561561,0.0005705745316226,0.0005125020399348,0.0004828751571435
1995-10-31,0.00067691203457,0.0005010433183688,0.0007935531149426,0.0005895006636538,0.0005079441464992,0.0004177538826593,0.0004380569798682
1995-11-29,0.000637748375037,0.0004357171456337,0.0007742510071894,0.0005572981662143,0.000487203957866,0.0003497648532204,0.0003915996779871
1995-12-28,0.0006883597633904,0.0004408736898442,0.000752053458678,0.0005443902602783,0.0004899706482719,0.0003435238012525,0.0003785202651579
1996-01-29,0.0006965090689998,0.0004042089870069,0.0006981723452901,0.0005231819922983,0.0004934667964388,0.0003615061736075,0.0003757013525135
1996-02-27,0.0006279641090237,0.0003967255259437,0.0006896293273493,0.0005540101076284,0.0004726502023262,0.0003787683146974,0.0003690950503853
1996-03-26,0.0006394349591738,0.0003914668187021,0.0007337110116132,0.0006653929199402,0.0005066683585846,0.00041259688843,0.0003656576513383
1996-04-23,0.0005365384586222,0.000361173350409,0.0007554538287759,0.0007109104226423,0.0005779448683595,0.0004368517710002,0.0003725205771804
1996-05-21,0.0005128342257169,0.0003482630791895,0.000736560732715,0.0007211643934551,0.0005780323655247,0.0004597701193675,0.0003778141994473
1996-06-19,0.0004379764206581,0.0002787057167183,0.0006418695873093,0.0007222268187787,0.0005621372035469,0.0004292989726541,0.0003807838889384
1996-07-18,0.0003164878592323,0.0002839088647376,0.0005831309885709,0.0007178821382792,0.0005841394184748,0.000460344525903,0.0003949950559878
1996-08-15,0.0003049416302394,0.0002838002578024,0.000530843015974,0.000675725306857,0.000582387541802,0.0004660918262672,0.0004018216390377
1996-09-13,0.0002930017592125,0.000301410317733,0.0005112385789967,0.0006700406377137,0.000568115129159,0.0004532972128948,0.0004189147490794
1996-10-11,0.0003347703851768,0.0003169341855106,0.0005100315149818,0.0006777618790652,0.0005558288239957,0.0004511822117501,0.0004261968681348
1996-11-12,0.0003347656508394,0.0003047109821448,0.0004896385018078,0.0006422174515159,0.0005270684724913,0.0004594811499535,0.0004345516760074
1996-12-11,0.000330120352965,0.0002823785411945,0.0004502481679841,0.0005805234011234,0.0004798664313251,0.0004569714318471,0.000433624354592
1997-01-10,0.0003367012117073,0.000255835912669,0.0003892264243245,0.0005104909154944,0.0004382932618016,0.0004525640865902,0.0004471948739743
1997-02-10,0.0003571667810213,0.0002526287379172,0.0003725336711333,0.0005074984382103,0.0004205425812835,0.0004462225089979,0.0004238641093589
1997-03-11,0.0003642048727736,0.0002551973607808,0.000359178132559,0.0005009668764843,0.0004021643001209,0.0004509227069024,0.0004351798766202
1997-04-09,0.0003578229012595,0.0002529888098428,0.0003538096415261,0.0004912453462716,0.0003978721371577,0.0004493267734288,0.0004298535014225
1997-05-07,0.0003575396920302,0.0002770921099598,0.0003571556395451,0.0004986857824112,0.0004027091426889,0.0004548440276605,0.0004268579026608
1997-06-05,0.0004822922708752,0.00029428641538,0.0003654583211109,0.0004989531294539,0.0004056747228593,0.0004482908990529,0.0004248094834393
1997-07-03,0.0004412036990591,0.0002850939351125,0.0003664544496471,0.0005011082852336,0.000405799218729,0.00045894669768,0.0004213742693702
1997-08-01,0.0004521480441878,0.0002685032204054,0.0003700570071641,0.0005054329657727,0.0003963086756676,0.0004515527845696,0.0004220388611311
1997-08-29,0.0004530714786339,0.0002557728524255,0.0003322043796682,0.0004528856624407,0.0003933664392463,0.000433084811361,0.000410459412387
1997-09-29,0.0004650248558256,0.0002575552180267,0.0002919750222509,0.0003628344373621,0.0003432965738022,0.0004020520651557,0.000409086691517
1997-10-28,0.0004705835914911,0.000260687970683,0.0002945381862241,0.0003420425578664,0.0002931035119545,0.000377613831236,0.0004151042319194
1997-11-26,0.0004791164355906,0.00027858358206,0.0002912937477743,0.0003222763090047,0.0002935582386376,0.0003461871088181,0.0004048040586502
1997-12-26,0.0005162161978013,0.0002875153532679,0.0002872385312208,0.000286804068149,0.0002660037979165,0.0003508113009163,0.0004009727616097
1998-01-27,0.0005382116199606,0.0002733603150541,0.0002769895878389,0.0002806694616377,0.0002781675998404,0.0003322953500928,0.0003922994853355
1998-02-25,0.0005623499813793,0.0002849125913614,0.0002789632144134,0.0002670601867418,0.0002782264897947,0.0003441716405714,0.0003757512999769
1998-03-25,0.0005743582486988,0.0002768294051291,0.0002577231967831,0.0002454187526489,0.0002714844612011,0.0003410481118878,0.0003676169132988
1998-04-23,0.0005589291505864,0.0002759496247256,0.0002393668761087,0.0002341011048167,0.0002667322358009,0.0003423743400684,0.0003655667527757
1998-05-21,0.0005695800823791,0.0002919696491269,0.0002365654922024,0.0002345327235498,0.0002665034060944,0.0003462303532926,0.0003558293853756
1998-06-19,0.0005852665600469,0.0002931898560456,0.0002365195743462,0.0002392316939576,0.0002550403026994,0.0003334070192225,0.0003612259802599
1998-07-20,0.0005965277622184,0.0003022342510681,0.0002211102849982,0.0002292250917138,0.0002450911569447,0.0003075938672484,0.0003500365240142
1998-08-17,0.0006038198850868,0.0003016438870267,0.0002245886101979,0.0002207183831429,0.0002463579193097,0.0003019440782672,0.000352639809769
1998-09-15,0.0006221820124706,0.0003090986878568,0.0002633618439244,0.0002589908751246,0.0002880282166947,0.0003177228461752,0.000321633954536
1998-10-14,0.0007405155861144,0.0004007763467637,0.0002704297298985,0.0002942789380775,0.0003995141982314,0.0004752160711418,0.0003371088092513
1998-11-12,0.0009647825202871,0.0004717010811915,0.0003409003696834,0.0003793416769758,0.0004063165304147,0.0004930655139312,0.0003602227828544
1998-12-11,0.000864437603616,0.0004645006095002,0.0003407680664175,0.0004272955858383,0.0004125772346471,0.0004914087531169,0.0003695438685589
1999-01-12,0.0008237828493301,0.0004607437370207,0.0003561269146182,0.0004667416791415,0.000426966924326,0.0004937271785028,0.0003778117919171
1999-02-10,0.000836529681004,0.0004695459702714,0.0003509379260323,0.0004735876245081,0.0004485425278468,0.0004835822742211,0.0003703270841088
1999-03-11,0.0008436894445821,0.0004703136139577,0.000361997337846,0.0004701456521659,0.0004656464074598,0.0005077344550701,0.0003761395079555
1999-04-08,0.0008328153665061,0.0004766684503185,0.000356443759646,0.0004787837183837,0.0004588798925998,0.0005050334740558,0.0003627301981084
1999-05-06,0.0008187021226802,0.0004649229121339,0.0003323910253564,0.0004726291860407,0.000454762755378,0.0005151919212922,0.0003616132047519
1999-06-04,0.0008400934213955,0.0004621127028559,0.0003280732471253,0.0004916489314965,0.0004792039288489,0.000566034147934,0.0003676195701928
1999-07-02,0.0008330623596872,0.000461508457975,0.0003679842601491,0.0005019731492506,0.0005088941632371,0.0005798863777408,0.0003675406964451
1999-08-02,0.0008300668900867,0.0005889822923787,0.0003518810980501,0.0005011338478463,0.0004851192589196,0.0005748957949566,0.0003503654752368
1999-08-30,0.0008881978952899,0.0006184254829582,0.0003499693326825,0.0005068504238459,0.0005131921020549,0.0005806736447574,0.000371574283743
1999-09-28,0.0009208560560949,0.0006159104792399,0.0003573241555537,0.0005075543084454,0.0005196072256122,0.0005959853402847,0.0003728013535978
1999-10-27,0.0009538525688076,0.0006082558345392,0.0003577128996322,0.000516483888773,0.0005274283802114,0.0005907499412522,0.0003741725820602
1999-11-26,0.0009498267911655,0.0006048402601331,0.0003618750066169,0.0005318347213844,0.0005197216237077,0.0005862978591978,0.0003780504912939
1999-12-27,0.0009683427297093,0.0006264279384769,0.0003737237758482,0.0005237488326379,0.0005217503939165,0.000589036671301,0.0003796041438091
2000-01-25,0.0010171202558823,0.0006529939007776,0.0003992066569116,0.0005333996630898,0.0005337407168437,0.0006215112285407,0.0003963731842336
2000-02-23,0.001030344176285,0.0006820389305976,0.0004228369395713,0.0005478955911936,0.0005630301441812,0.000646022641442,0.000515003162136
2000-03-22,0.0010000275701426,0.0006707944454679,0.0003828477115175,0.0005225383147939,0.0005249491434085,0.000639685147136,0.0005206425887094
2000-04-19,0.0007732548353984,0.0005038530405732,0.0003264532654982,0.0005165619787057,0.0004349798985766,0.0005203289028912,0.000531506156788
2000-05-18,0.0007502246817363,0.0005302845602002,0.0003032638781282,0.0004384090271917,0.0004537594524494,0.0005392535597873,0.0005108058286455
2000-06-16,0.0008863863491615,0.0005482138675225,0.000316791636845,0.0004270645061179,0.0004638737900733,0.0005521716895219,0.0005036375539275
2000-07-17,0.0009350011164029,0.0005451958116834,0.0002983253092471,0.0004018228984676,0.0004584829914988,0.0005497450497875,0.0004941638888113
2000-08-14,0.0009155351931258,0.0005573013054659,0.0003256331719923,0.0004177270174124,0.0004418919332439,0.0005959674053914,0.0004902503493727
2000-09-12,0.0009050051800998,0.0005568746209643,0.0003197516653785,0.0004217841047501,0.0004427031370295,0.0005762269514901,0.0004722459366679
2000-10-11,0.0008942622819163,0.0005395765427355,0.0003223835753248,0.0004248904909585,0.0004482412103132,0.0005722788361276,0.000503492444628
2000-11-08,0.0008898698450779,0.0005475577472475,0.0003361775296714,0.00041994302089,0.0004585299194265,0.00055600160437,0.000492161400715
2000-12-07,0.0008623889178582,0.0005311385335509,0.000340686687085,0.0004232839624067,0.0004557477210408,0.0005217495757818,0.0004767676443221
2001-01-08,0.0013784516535897,0.0005291943159646,0.0003992883302111,0.0004200955860436,0.0004718158217759,0.000561351387354,0.0004666636047272
2001-02-06,0.0013734947860419,0.0005061929302998,0.0004422862033291,0.0004229805112598,0.0004753459064774,0.0005781430823928,0.0004906427264207
2001-03-07,0.0013002399077365,0.0004955488607906,0.0004528982020641,0.0004596518202876,0.0004531496798355,0.0005796528844596,0.0004872564934001
2001-04-04,0.0013096292442781,0.0005304084812435,0.0004757628820936,0.0004932131319648,0.0004565074678508,0.0005737502146772,0.0004743410539756
2001-05-03,0.0013217973885586,0.0005542203761823,0.0005414138637572,0.0004978901838776,0.0004809272765572,0.0006131744511028,0.0004842972497926
2001-06-01,0.0013349934699124,0.0005639335946143,0.0005768290688014,0.0005285303313351,0.0005304831447859,0.0006660022700788,0.000502389236804
2001-06-29,0.0012614736148857,0.0005453994950514,0.000582005711651,0.0005401240298129,0.0005547067543272,0.0006740711510494,0.0004972326112843
2001-07-30,0.0012114924616438,0.0005140681278738,0.000560605986119,0.0005589925961888,0.0005461711626114,0.0006578561861031,0.0004586906480547
2001-08-27,0.0011928332646967,0.0004853288302916,0.0005409112458729,0.0005549995287745,0.0005201634876448,0.0007004604774569,0.0003313873206293
2001-09-27,0.0014077094423276,0.0005601253728532,0.0006145157804647,0.0007415750708675,0.0005972519292516,0.0007012319312698,0.0003657069076839
2001-10-26,0.0014148057722728,0.0005605960183024,0.0006077241126267,0.000753456766872,0.0005835367618935,0.0006803609328567,0.0003520492556045
2001-11-27,0.0013062235924986,0.0005058114785587,0.0006125882885117,0.0008814330254061,0.0006069412981468,0.000730202541409,0.0005081503770173
2001-12-26,0.0011563251748328,0.0004905538911695,0.0007041936431328,0.0009343438581359,0.0006453811420931,0.0007772809547919,0.0005182316140711
2002-01-25,0.0011086751097973,0.0004874008354107,0.0007101776992547,0.000993683024396,0.0006545111224257,0.0007697391694042,0.000517352109943
2006-02-15,0.0036813032553253,0.0040625383822603,0.0031443870227622,0.0018718553133622,0.0005702625352094,0.0008988901241431,0.001116263430507
2006-03-16,0.0036701796922242,0.0040591537338651,0.0031384759264594,0.0018716037085528,0.0005831060800126,0.0008875478920792,0.0011215897615485
2006-04-13,0.0036701814980148,0.0040485404479075,0.0031310706326685,0.0018621945153229,0.0005738242056316,0.0008868192850893,0.0011040269206146
2006-05-12,0.0036632276707939,0.0040479933369439,0.0031145342915942,0.0018661526610732,0.0005476726657986,0.0008809217256092,0.0011140997239775
2006-06-12,0.0036559290436943,0.0040498459857988,0.0031052118577507,0.001845959628736,0.0005454515834925,0.0008725329179125,0.001122131961421
2006-07-11,0.0031270079597497,0.0039511723330825,0.0029949581911293,0.001828578270552,0.000510201955296,0.0008008018619953,0.0011321635842312
2006-08-08,0.0031133055634204,0.0039297615990933,0.0029606236491467,0.0018346870764661,0.0004838100065086,0.0007527832397043,0.0010978833868136
2006-09-06,0.0031034391683616,0.0039079948452512,0.0029415738509444,0.0017933785387982,0.000472705636762,0.0007384236815019,0.0010856371244484
2006-10-04,0.0030320710496037,0.0038595353282405,0.0029048313852557,0.0017661392576311,0.0004565889079243,0.0007198662714012,0.0010856548484985
2006-11-02,0.0029856960434198,0.0038157129368636,0.0028261764230932,0.0017575869755266,0.0004344581411447,0.0006768815088967,0.0010672247871042
2006-12-01,0.0029600494228653,0.0038068840024323,0.0027963569625808,0.0017392067733724,0.0003923966492361,0.0006139908604052,0.001040754245016
2007-01-02,0.0029592528116853,0.0037988253329677,0.0027774047804496,0.0017478515883209,0.0003640719902948,0.0006055436510768,0.0010381825975992
2007-01-31,0.002954631890295,0.0037912512585856,0.0027714312833557,0.0017219974307329,0.0003542896023351,0.0005944623803555,0.0010454627831534
2007-03-01,0.0029501760209887,0.0037836833651009,0.0027658937003647,0.0017338257347138,0.0003545666997896,0.0005152087976136,0.001058945463268
2007-03-29,0.0027333766463242,0.0037041686667863,0.0026874344522125,0.001551082470086,0.0002753106388104,0.0004987476082742,0.0010200012694334
2007-04-26,0.0027259984499008,0.0036958987208115,0.002679477754095,0.0015380065418501,0.000273830133008,0.000486905711088,0.0010104693421966
2007-05-24,0.0027241364487833,0.0037022692568605,0.0026022521631777,0.0013868573146804,0.0002141628896227,0.0003806124274034,0.0008495377357979
2007-06-22,0.0027594702625705,0.0037012165500743,0.0025484830660274,0.0013146106374511,0.0001805840171458,0.0003405225617331,0.0008404214946358
2007-07-23,0.002785188694183,0.0037043067708256,0.0025412817017378,0.0012459411512676,0.0001627776811948,0.0003444837595166,0.0008483956879384
2007-08-20,0.001079511432102,0.0001728653203645,0.000109299800596,0.0003873889718228,0.0002536465834503,0.0001576968043277,0.0002504985307074
2007-09-18,0.0019873963819186,0.0002855208012809,0.0001549134268499,0.0004486285382715,0.0002809128978009,0.0001588799923178,0.000248892658212
2007-10-17,0.0021076956164994,0.0002962468937698,0.0001595745081168,0.0004589572570505,0.0002914174099675,0.0001638203335212,0.0002521975025269
2007-11-15,0.002336864547638,0.000339033577836,0.0001943666565787,0.000505692349508,0.0003113159418426,0.0001619781309496,0.0002502327199326
2007-12-14,0.0024340958494447,0.0003609470125078,0.0002173937918462,0.0006532572521772,0.0003683861009998,0.0001837277180952,0.0002664461043504
2008-01-15,0.0025755519853778,0.0004327567864847,0.0002416467917676,0.000698548467452,0.0003932769792761,0.0002073376512975,0.0002949871366092
2008-02-13,0.0028955819339308,0.0005830702913113,0.0003185339317193,0.0007314444710362,0.000441661711962,0.000230057352951,0.0003287121716304
2008-03-13,0.0030195645490086,0.0005997707760851,0.0003408197622408,0.0008299640807807,0.0005509304531934,0.0002970077813042,0.0003764280040509
2008-04-11,0.0035086697152676,0.0006645640401523,0.0003744811137152,0.0009264849678836,0.0006389234769698,0.0003253962888572,0.0004115698643765
2008-05-09,0.0035848340625728,0.0006823189750633,0.0003852329978972,0.0010169090458498,0.0006630814773532,0.0003294352438542,0.0004246307908627
2008-06-09,0.0035894580792137,0.0007030178209502,0.0003975889157256,0.0011452846877337,0.0007482401754969,0.0003417813086537,0.0004359962377343
2008-07-08,0.0036365390778394,0.0007202141959887,0.0004632123570771,0.0012402296252386,0.0007940218715423,0.0003380080354123,0.0004348200810988
2008-08-05,0.0037689305520355,0.0007403210993928,0.000490584007138,0.0013212354713397,0.0008409255110605,0.0003510843752409,0.0004445367942365
2008-09-03,0.0038177169998927,0.0007566106390452,0.0005220024773079,0.001323480865436,0.0008569180271355,0.0003548222621921,0.0004467597073611
2008-10-01,0.0055319501197548,0.0010291497194605,0.0007351692323664,0.0015405583173476,0.0009891562974225,0.0003995889744787,0.0005148943074926
2008-10-30,0.0060651629197474,0.0014323786444308,0.0009175642259488,0.0016671771153328,0.0011441420161195,0.0006375271282147,0.0005298358691253
2008-12-01,0.0061005124577054,0.00157435030519,0.0009231747180791,0.0017516333629016,0.0012633094662945,0.0008916766999905,0.0006779967648734
2009-01-05,0.0060599029885419,0.0016156488644991,0.0010148944691138,0.001867193070828,0.0014144552987813,0.0010166103620564,0.000779644594572
2009-02-03,0.0060524031564541,0.0016073436042673,0.0010138343573486,0.0018551789497144,0.0014881249099181,0.0010857626657583,0.0009004212622598
2009-03-04,0.0051056049753577,0.0015502117346568,0.0009807399087977,0.0018517078564286,0.0015902358466448,0.0011700237977163,0.0009751733760577
2009-04-01,0.0042461456484054,0.001438836644943,0.0009321433798565,0.0018010444064767,0.0016797946840745,0.0013780344164213,0.0010356224534644
2009-04-30,0.0040786113889068,0.0014319065429102,0.0009303613400813,0.0017959134610292,0.0017012494908357,0.0014303699055173,0.0010626783637846
2009-05-29,0.003906655268785,0.0013819135474938,0.0008981989002329,0.0017347987590616,0.0017079553290331,0.0015359816615837,0.0011527540245243
2009-06-26,0.0038022914591719,0.0013452069348244,0.0008824385455281,0.001718193258683,0.0018270538499713,0.0015951181424123,0.0011690354921582
2009-07-27,0.0036559384732364,0.0012781305197199,0.0008666402035922,0.0016808485477468,0.0018881208215813,0.0016117735626871,0.0011860381432735
2009-08-24,0.0033257551046265,0.0011185845958505,0.0007865571167744,0.0016651863391609,0.0018979838298449,0.0016474118714207,0.0011921571270282
2009-09-22,0.0031815697676027,0.0010837421860952,0.0007538096222748,0.0015714502381967,0.0018004819367655,0.0016144795935093,0.0011913044922134
2009-10-21,0.0026895439197042,0.0010303722817976,0.0007270340224791,0.0014726842192855,0.0017447954692996,0.001597522870582,0.0012035464786471
2009-11-19,0.0026236806585363,0.001005115857092,0.0007074607831189,0.0013607482324526,0.0017295053019937,0.001633016554911,0.0012083089210845
2009-12-18,0.0026231197275843,0.0009877027809906,0.0006657279981621,0.0012045908138774,0.0016689826239055,0.0016567136954298,0.0012120943009305
2010-01-20,0.0025456800253248,0.0009695419054925,0.0006378391693284,0.0011415512669294,0.0016513115900568,0.0016854497555698,0.0012324272440571
2010-02-18,0.0024244981697479,0.0009491756278179,0.0006066366873894,0.001065668184533,0.0016340068645403,0.0016742038862225,0.0012307322756466
2010-03-18,0.0023839110390587,0.0009336997858191,0.0005783779182828,0.0010421139076387,0.0016231741397747,0.0016775650941048,0.0012388075574642
2010-04-15,0.0006459358244569,0.0006139011513978,0.000338634756473,0.0008038508237353,0.0015150844569141,0.001659350791001,0.0011657710824809
2010-05-13,0.0001262353462859,0.0002358461911551,0.0001790812872462,0.0006795378979742,0.0013900696772834,0.0014320156307848,0.001224698454685
2010-06-11,8.406524320346473e-05,9.580844632150176e-05,0.0001635698771761,0.0006157119666507,0.0013157210073331,0.0012259203019116,0.00112345095687
2010-07-12,7.004648371351872e-05,5.039586050637949e-05,7.757731908183583e-05,0.0004762990480369,0.001160738968084,0.001100810665223,0.0010105923810648
2010-08-09,5.308874676831765e-05,4.783293056421256e-05,7.715305199124152e-05,0.0004686412406792,0.0011319793841752,0.0010356208143644,0.0009094115697521
2010-09-07,4.528919388782696e-05,4.002521492246023e-05,6.90366080849964e-05,0.0004379478878984,0.0010140187351831,0.0010225026379605,0.000876296782153
2010-10-05,4.179179053394579e-05,3.334141360590033e-05,7.259532172626754e-05,0.0004219902071263,0.0009078647851706,0.0008071936733027,0.0008462673358853
2010-11-03,3.7199059852832096e-05,3.313904440703568e-05,6.896057310462889e-05,0.0003986737022028,0.0009255126409077,0.0008112897090713,0.0008734685856255
2010-12-03,3.558305449011182e-05,3.27620908388135e-05,6.206895131297433e-05,0.0004236551375788,0.0009859885517079,0.0007545404315131,0.0008539617889301
2011-01-03,3.671699360894357e-05,3.4375389749002524e-05,4.6014257191949504e-05,0.0003221960582078,0.0009442001934072,0.0008178253942363,0.0008429732071236
2011-02-01,3.356647919416237e-05,3.051870442457394e-05,4.424338010634113e-05,0.0003077394601096,0.0008835877042706,0.0008053528244419,0.0008049817412932
2011-03-02,3.473390183682689e-05,3.025545862524105e-05,4.1902947534452857e-05,0.0002993834710008,0.0009039652249999,0.0007826385751681,0.0007514372573282
2011-03-30,3.505516536130506e-05,3.12797208960383e-05,4.0391148486576144e-05,0.0002933566196877,0.0009444646496695,0.000789123234228,0.000721567835359
2011-04-28,3.367292448256719e-05,2.9305162537472866e-05,4.265914152626497e-05,0.000285356746855,0.0009482859589261,0.0007758776373586,0.0006815554897994
2011-05-26,3.175746839568183e-05,2.952964927798591e-05,4.2785458631641045e-05,0.0002784394132056,0.000938611861894,0.0007468381727547,0.0006652346673302
2011-06-24,3.062528650270962e-05,3.0395943888040095e-05,4.142492533945632e-05,0.0002655698688989,0.0009592048115559,0.0007127037262461,0.0006700010761153
2011-07-25,2.7663538662063687e-05,3.109187296461339e-05,4.222281177369304e-05,0.0002577912088262,0.0010111029122022,0.0007268162427612,0.0006782941314614
2011-08-22,3.301559741694902e-05,3.848930746106348e-05,4.331193677233723e-05,0.0002381941868861,0.001045145296791,0.0008575770948486,0.0008405189632382
2011-09-20,3.269122166374104e-05,3.9060435759184686e-05,4.334755874553536e-05,0.0002296039603675,0.0010512352775082,0.0008999245693207,0.0009143245641289
2011-10-19,3.4115043565808345e-05,4.102760325945181e-05,4.8269516407318974e-05,0.0002205151802315,0.0010498053838693,0.00097600842394,0.0011163839247099
2011-11-17,3.3185087599336e-05,4.153024785506701e-05,5.235787867229862e-05,0.0002044819710958,0.0010377728633916,0.0010148115886689,0.0011639447361378
2011-12-16,3.226005015580615e-05,4.0319063225019165e-05,5.20075763287479e-05,0.0001894632086081,0.0010081504177237,0.0009973722093347,0.0011746854769917
2012-01-18,3.0395404638111723e-05,3.993957075449042e-05,5.036959774978046e-05,0.0001863269312925,0.0010030695885587,0.0009964392471776,0.0012081238859526
2012-02-15,3.108935110780392e-05,4.053370434390723e-05,5.145163097422218e-05,0.0001827570232699,0.0009625428850852,0.0009886548396566,0.0012313106391151
2012-03-15,3.20149382406239e-05,4.031439525005799e-05,5.0182368210942464e-05,0.0001778133625005,0.0009537053941129,0.0009476449217685,0.0011820370535921
2012-04-12,3.155099766130286e-05,3.9859411027556174e-05,4.856900926983991e-05,0.0001710307391224,0.0009471150859013,0.0009375231511824,0.0011845101656484
2012-05-10,3.221826728252358e-05,3.910561730072723e-05,4.724352635417341e-05,0.000162170658527,0.0008838097796763,0.0009019550040341,0.0011087372772271
2012-06-08,3.321987933917716e-05,3.797904911127294e-05,4.781499302135685e-05,0.0001349949142504,0.0007525887179484,0.0008675742895495,0.0011121831274844
2012-07-09,3.106493205949286e-05,3.6948970457318e-05,4.428710520016518e-05,0.0001183998673599,0.0006776270144372,0.0007710912568076,0.0010854326834518
2012-08-06,3.09523186356319e-05,3.648731715310236e-05,4.378194377527579e-05,0.0001125418743712,0.0006280302506059,0.0007563579989746,0.0010996796015614
2012-09-04,3.083884303278605e-05,3.567389815636916e-05,4.357888129508301e-05,9.635172784654805e-05,0.0005668929318519,0.0007212337929975,0.0011183787318566
2012-10-02,2.9170119919914494e-05,3.559140808182976e-05,4.210632253438369e-05,9.606262055558102e-05,0.0005117987512063,0.0007191288771701,0.0011617580348605
2012-11-01,3.081703577807213e-05,3.569728844268429e-05,4.2103278078726576e-05,9.210805462464352e-05,0.0004819866603213,0.0007305339980586,0.0011816728954226
2012-12-03,3.316028031442069e-05,3.374551376471772e-05,4.255506422605268e-05,8.799173841387901e-05,0.0004668554161723,0.0007348585791655,0.0011828015341396
2013-01-02,3.9133786162165525e-05,3.487524666688408e-05,4.367199111929542e-05,8.238709537776695e-05,0.0004035217655312,0.0007342517147879,0.0011658730339968
2013-01-31,3.812051567390347e-05,3.4278811446395834e-05,4.143452141552045e-05,7.98015342752969e-05,0.0003386577107323,0.0007155514640581,0.0011615409650729
2013-03-01,3.4116858129777594e-05,2.541872201311298e-05,3.6584226003161824e-05,7.58660380107933e-05,0.0002787182550452,0.0005686212878512,0.0009728547966042
2013-04-01,3.534830693435584e-05,2.3335444270841093e-05,3.599888823733324e-05,6.916882827776266e-05,0.0002633735185166,0.0005387800764088,0.0007739711648691
2013-04-29,3.423754973945906e-05,1.9851235505645696e-05,3.01950199263007e-05,6.382330428948588e-05,0.0002261631927343,0.0004607071808566,0.0007140369173672
2013-05-28,3.4794062286491434e-05,1.84801349210155e-05,2.8025684535518527e-05,5.891329276618672e-05,0.0002080405366883,0.0004329151664652,0.0006271094757529
2013-06-25,3.4490287630195124e-05,1.762572205430362e-05,3.151737660817878e-05,5.683392711585977e-05,0.0002807627739634,0.0004496891075581,0.000567801632089
2013-07-24,3.5253427865720186e-05,1.7155062449676856e-05,3.076453911360907e-05,6.025204441338173e-05,0.0003262854162891,0.0004748131896607,0.0005355478198637
2013-08-21,3.52982224127253e-05,1.6538894518687526e-05,2.8881199496032355e-05,5.8421035840180814e-05,0.0003326401900682,0.0004766779045119,0.0005154105206629
2013-09-19,3.445395622565397e-05,1.8393386678509787e-05,2.9849211421740756e-05,5.7251590099483097e-05,0.0003955630069105,0.0004823231677449,0.0005026972724376
2013-10-18,4.1037777073223605e-05,2.496956148290329e-05,2.887579152614244e-05,6.484561491893158e-05,0.000384167139161,0.0004733528102698,0.0004833452052906
2013-11-18,4.0920195423953056e-05,2.5284553906807696e-05,3.066314297901407e-05,6.432916263373879e-05,0.0004018931057371,0.0004929148211577,0.0004855931811786
2013-12-17,3.970864481925171e-05,2.4605018131639252e-05,3.07610771353872e-05,6.300905655947689e-05,0.0004011668230129,0.0004711466725311,0.0004343194358992
2014-01-16,3.9731482208565846e-05,2.5261031933981038e-05,3.146084056469047e-05,6.570197720606097e-05,0.0004450144855344,0.0004757799839274,0.0004323756477534
2014-02-14,4.2439577168226384e-05,2.5991974903044587e-05,3.295684890000135e-05,6.75061272223543e-05,0.0004696492449712,0.0004764853779599,0.0004119435951359
2014-03-17,4.183598757884786e-05,2.5543844794292205e-05,3.4051496454998005e-05,6.673641642981911e-05,0.0004757814662997,0.0004764574631791,0.0003944363186673
2014-04-14,4.146690161297116e-05,2.544831810416631e-05,3.49875629920665e-05,6.946730024374868e-05,0.0005349107718595,0.0004653585512887,0.0003609876215545
2014-05-13,3.933521031412648e-05,2.5855411735364735e-05,3.521813276649417e-05,6.804235995523388e-05,0.0005537087603791,0.0004540522600924,0.0003515294018474
2014-06-11,3.67978758980056e-05,2.567502910307818e-05,3.557818610194927e-05,7.001276654109786e-05,0.0005652467840245,0.0004539003808465,0.0003539910034253
2014-07-10,3.0821852139617375e-05,2.473149209157916e-05,3.4797781226357225e-05,7.430848436264512e-05,0.0005733630770384,0.0004426900523084,0.0003359100863986
2014-08-07,3.084354818485068e-05,2.51954781759404e-05,3.620932377366478e-05,7.99721448377984e-05,0.0005854341163286,0.0004478922292909,0.0003390844672273
2014-09-05,2.863964617612769e-05,2.538723518094312e-05,3.633107359900768e-05,8.408995634333216e-05,0.000592364198233,0.0004433690829408,0.0003546340173466
2014-10-03,2.693997336248953e-05,2.640200680053941e-05,3.614821007843729e-05,8.561408019519933e-05,0.000598442537837,0.0004386483080805,0.0003623721162712
2014-11-03,2.7322374093135213e-05,2.758920556099974e-05,4.02283336232744e-05,9.44872665428926e-05,0.0006357970895875,0.0004348247948624,0.0003385718943434
2014-12-03,2.7624288391329465e-05,2.755961791779373e-05,3.85463065382737e-05,9.992798434214388e-05,0.0006305815040191,0.000408815125635,0.0003150718519198
2015-01-02,2.915810029246131e-05,2.8686012593360128e-05,3.64367528606079e-05,0.0001063504840545,0.0005772908613328,0.000374075335426,0.0003357614109301
2015-02-02,2.779056598947988e-05,3.009457336854392e-05,3.777729018213456e-05,0.0001096771246847,0.0005656794115124,0.0003568916013241,0.0003441078754107
2015-03-03,2.768582962981557e-05,3.0140479205090142e-05,3.812674038415374e-05,0.000122776790635,0.000556841141401,0.0003430253351618,0.0003569223529854
2015-03-31,2.8367284166717597e-05,3.049858028684425e-05,3.679370618986849e-05,0.0001298089559303,0.0005025297872787,0.0003292537247139,0.000371878845366
2015-04-28,2.162127449011225e-05,2.6645168942058517e-05,4.114646571863166e-05,0.0001260081764232,0.0005058001218681,0.000324074293212,0.0003801466038009
2015-05-27,2.1453325897208152e-05,2.889806275163589e-05,4.0673189202534616e-05,0.0001297605324202,0.0005022259025313,0.0003160832164134,0.000417840788195
2015-06-24,2.1760961527358665e-05,3.2050048195038834e-05,4.16068548263646e-05,0.0001292382225449,0.0004943747525059,0.0003452674012249,0.0004463852622637
2015-07-23,2.19637858603379e-05,3.52838250662486e-05,4.127698379077334e-05,0.000134387683188,0.0004778799940859,0.0003566971060236,0.0004759968758935
2015-08-20,2.6016734770294345e-05,3.725729725166964e-05,3.9867286985019655e-05,0.0001387586503563,0.0004743281685928,0.0003540196762193,0.0004825643712215
2015-09-18,3.2615053232097e-05,5.5960514374192e-05,4.064126058229532e-05,0.00015053329905,0.0004459585067513,0.0003520100340202,0.0005146417980779
2015-10-19,3.399673433896718e-05,6.306259696297149e-05,4.652649698827251e-05,0.0001535174751185,0.0004215235823527,0.0003553104543704,0.0005155037999058
2015-11-17,3.846754946971275e-05,7.325667961945695e-05,5.31195896743361e-05,0.0001594097780734,0.0004238016832217,0.0003559396966154,0.0005033408414045
2015-12-16,4.4418129364392713e-05,9.235464715762486e-05,8.322927216595293e-05,0.0001784486884312,0.0004305001210608,0.0003690014565321,0.0005136496708255
2016-01-15,5.401685618759481e-05,0.0001060221054023,0.0001011311180283,0.0001777445668913,0.0004421980742337,0.0003697319817793,0.0005263503996321
2016-02-16,6.44215468978014e-05,0.0001152475303099,0.0001262960233269,0.0001890070888489,0.0004448167041706,0.0003751528260581,0.0005383711570898
2016-03-15,6.977666975711585e-05,0.000118837042714,0.000133501749816,0.0001895084161306,0.0004501981001703,0.0003819001321109,0.000530428258976
2016-04-13,7.650649591563804e-05,0.0001235983101834,0.0001346560844287,0.0002082370723465,0.0004561972296936,0.000374295387587,0.0005223094776959
2016-05-11,8.122378003909471e-05,0.0001270132973617,0.0001330685503755,0.0002009055404052,0.0004341454270148,0.0003744782861809,0.0005234804404736
2016-06-09,8.657565808233941e-05,0.0001283846022792,0.000139904702357,0.0001960783570965,0.0004439347739625,0.0003707117753377,0.0005203391263169
2016-07-08,8.683056459330308e-05,0.000128112460655,0.0001409311486126,0.0001985573942713,0.0004276700963124,0.0003745126960264,0.0005167328561633
2016-08-05,9.154627503634192e-05,0.0001316448736919,0.000141766910909,0.0001998475375343,0.0004052713972177,0.0003703700938454,0.000506132455437
2016-09-02,9.395104715716893e-05,0.0001334517546444,0.0001399559787051,0.0001919870910475,0.0003771258275406,0.0003593688209525,0.0004917404886857
2016-10-03,0.0001111145447766,0.0001422997270828,0.0001431763003443,0.0001901590804366,0.0003591363522162,0.0003413676573807,0.0004891384192907
2016-11-01,0.0001179518947911,0.0001439776743826,0.0001428855660039,0.0001896769824344,0.000349781884545,0.0003375312275447,0.0004780264307867
2016-12-01,0.0001325546927854,0.0001461243653806,0.0001444440952852,0.000178488051512,0.0003760010195441,0.0003449472110896,0.0004934922308622
2016-12-30,0.0001377778808645,0.0001465604327349,0.0001472692158154,0.00019006051462,0.0003918845655989,0.0003092092555294,0.0004693546216319
2017-01-31,0.0001392479021738,0.0001446365280552,0.0001503360249135,0.0001931987059889,0.0003788793319304,0.0003028646417529,0.0004327519716475
2017-03-01,0.0001371977357121,0.0001476833748175,0.0001510485625694,0.0001930241089629,0.0003765703985978,0.0002965052864192,0.0004256906906765
2017-03-29,0.0001416959634099,0.0001309412772619,0.0001540776895112,0.0001799980637822,0.0003714482651199,0.0002896769217883,0.0003844298304888
2017-04-27,0.0001424063155686,0.0001262183958784,0.0001489856995937,0.0001766847612391,0.0003786890238556,0.000285856681455,0.0003744145817536
2017-05-25,0.0001435622361342,0.0001184307433993,0.0001460147236207,0.0001719355281696,0.0003665853102439,0.0002876461277286,0.0003686426554522
2017-06-23,0.0001429439208191,0.0001001224732715,0.0001163013825459,0.0001606300139382,0.0003514192967043,0.0002658191222803,0.0003531455980853
2017-07-24,0.0001418423012548,9.178540155430714e-05,9.107520652755355e-05,0.0001577951360476,0.0003389718261468,0.0002749874553626,0.0003370099827478
2017-08-21,0.0001467462399197,8.670914149761187e-05,7.526240814855285e-05,0.0001397678169363,0.0003252083045652,0.0002632559767215,0.0003224310409548
2017-09-19,0.0001461254039734,8.993765202052197e-05,6.8482748074805e-05,0.0001271637482736,0.0003175662988972,0.0002636714873542,0.0003191138981419
2017-10-18,0.0001448762324178,8.821266660463155e-05,7.279643175200089e-05,0.0001210036043493,0.000308266838082,0.0002627998989781,0.000314842682164
2017-11-15,0.0001427337987938,8.756479926701857e-05,7.38410239828208e-05,0.0001201503892774,0.0002939452091604,0.0002596109102245,0.0003243570410404
2017-12-14,0.0001415434268887,8.999570902066424e-05,7.23549742557718e-05,0.000117662802196,0.0002763848570006,0.0002601675657391,0.0003299776048004
2018-01-16,0.0001690157663653,9.505197244843753e-05,7.433170866094212e-05,0.0001117544017083,0.0002623237656488,0.0002327238548286,0.0003217589845749
2018-02-13,0.0001712344109787,0.0001059103372635,8.26118138035751e-05,0.0001256284370548,0.0002649222846954,0.0002361935638909,0.0003171921276284
2018-03-14,0.0001786422564509,0.0001058589681742,8.756371504129962e-05,0.0001210369581524,0.0002670240100964,0.0002380980806921,0.0003212815636962
2018-04-12,0.0001737749489476,9.92486632760224e-05,9.027152747531828e-05,0.0001226798406803,0.000270026746461,0.0002380890826913,0.0002974625895339
2018-05-10,0.000172479671357,9.772279140926992e-05,9.207884891928664e-05,0.0001214959777283,0.0002700733182305,0.0002409410990154,0.000293103529507
2018-06-08,0.0001613184464466,9.54292472550342e-05,9.760711056981034e-05,0.0001427847790438,0.0002547138455786,0.0002245323908974,0.0002404948921004
2018-07-09,0.0001579133063405,0.0001036434556803,9.522494015758016e-05,0.0001373472063837,0.0002289214277561,0.0002153064799447,0.000229525477139
2018-08-06,0.000159672251737,0.0001048336635273,9.611384464383584e-05,0.0001329215087889,0.0002153678042753,0.0002029865974427,0.0002279439648938
2018-09-04,0.0001529514439433,9.747794983591588e-05,9.336812739285122e-05,0.0001320136470598,0.0001934461972891,0.0001954267450279,0.0002262571804494
2018-10-02,0.0001478858960714,9.652328017069656e-05,9.17006680423809e-05,0.0001331646714132,0.0001853519653576,0.0001905522420469,0.0002294047603657
2018-10-31,0.0001479337158482,9.774098795521844e-05,8.947031666947173e-05,0.0001338535609413,0.0001799864560675,0.0001961444950927,0.0002373884735023
2018-11-30,0.0001462226531893,9.639842433364836e-05,8.724094572119261e-05,0.0001423103133243,0.000176401288293,0.0001870358870461,0.000240054245457
2019-01-02,0.0001459910729446,0.0001021206251996,9.270955158442788e-05,0.0001633273959321,0.0001823349875347,0.0001940381227366,0.0002420262802085
2019-01-31,0.0001361186637322,0.0001011929285626,9.27167056530254e-05,0.0001787146623966,0.0001982001652328,0.0001923118391251,0.0002383036347764
2019-03-01,0.0001277811871139,9.855170903648176e-05,9.16104552093061e-05,0.0001847678533277,0.0001998613583814,0.0001910764050503,0.00023815421205
2019-03-29,0.0001263524217086,9.525753095842744e-05,9.341586402439164e-05,0.0001978103289388,0.0001977841550937,0.0001901666557834,0.0002348939760762
2019-04-29,0.000122726387459,9.167760842092216e-05,8.715330533677446e-05,0.000202150310459,0.0002040914737521,0.0001880200221295,0.0002288763532655
2019-05-28,0.0001219529782753,8.86417074140857e-05,8.588662971002758e-05,0.0002198831174529,0.0002108466857797,0.0001923648221147,0.000217241447916
2019-06-25,0.0001203526931021,0.0001050300296069,0.0001087547492681,0.0002666354916318,0.0002102776415053,0.0001902591011614,0.0002118935535338
2019-07-24,0.0001148612793164,0.0001070687089595,0.0001104540593349,0.0002805636524693,0.0002155141256456,0.0001870206555172,0.0001988005146132
2019-08-21,0.0001142082146564,9.566905115678152e-05,0.0001246540010094,0.0002913152503513,0.0002069746795209,0.0001918324302928,0.0002361264065024
2019-09-19,0.0001121269864663,9.553436998799734e-05,0.0001264261622961,0.000314125020748,0.000208384630698,0.000204425543072,0.0002561878692108
2019-10-18,0.00011548508888,0.0001039258622264,0.0001309598182064,0.0003433404978101,0.0002138283262569,0.0002062079910063,0.0002601508511175
2019-11-18,0.0001168560216512,0.0001025648951363,0.0001314431649515,0.0003524595316194,0.00021885457592,0.0002133459606199,0.0002722291902512
2019-12-17,0.0001170216869426,0.0001034648706512,0.0001242734720864,0.0003444335348185,0.000207222397701,0.0002135394817211,0.0002783564937428
2020-01-16,0.0001185566409009,9.582372943599564e-05,0.0001323013207166,0.0003421596293506,0.0002095826570989,0.0002137729491565,0.0002931555420803
2020-02-14,0.0001153896051654,9.448019986253012e-05,0.0001328254258853,0.0003468352343905,0.0002170195778341,0.0002190039803257,0.0003011896531623
2020-03-16,0.0002421475533413,0.0002243685358423,0.0001862927644351,0.0003441195030475,0.0002472728927402,0.0002866904334347,0.0005867116422427
2020-04-14,0.0002787255491933,0.0002666436718324,0.0002092039840806,0.0003652125729622,0.0003251425301082,0.0003788089945669,0.0007094743905759
2020-05-12,0.0002819012772686,0.0002675292865509,0.0002089025150066,0.0003616282590763,0.0003228717095399,0.0003856813693234,0.0007513428210398
2020-06-10,0.000279703423061,0.0002651363648325,0.000207419931041,0.0003510172056148,0.0003247483438665,0.0003985323745546,0.0007823057557231
2020-07-09,0.0002761480112947,0.0002587351766993,0.0001999375400514,0.0003205132081483,0.000299491285301,0.0003916699671943,0.0008106268950821
2020-08-06,0.0002744243739305,0.0002565584837029,0.0002036718960352,0.0003071326202031,0.0002838832478429,0.0003864302078563,0.0008170768491692
2020-09-03,0.0002737392856437,0.000255708215895,0.0002026774729429,0.0003028019228904,0.000284459582702,0.0003884337191131,0.0008497435255943
2020-10-02,0.0002707045382222,0.0002541638020769,0.0002012027602976,0.0002848456478872,0.0002668009991304,0.0003809349420867,0.0008543710598652
2020-11-02,0.0002693341304339,0.0002538206925963,0.0002004172715994,0.0002775176384765,0.0002603495250663,0.0003908413693,0.0008723428570125
2020-12-02,0.0002666831154132,0.0002539583841947,0.0001986557489804,0.0002548654137945,0.0002543029410073,0.0004096866620006,0.0009094437251935
2020-12-31,0.0002615982264755,0.0002349807771317,0.0001705733578184,0.0002066014773559,0.0002451096249029,0.0004087691141427,0.0009057368267926
2021-02-01,0.0002415725131194,0.0002261350041261,0.0001621517243732,0.0001914360144015,0.0002364562077124,0.0004163719339362,0.0009182367595817
2021-03-02,0.000234263318552,0.0002219545230636,0.0001358298527902,0.0001602296425033,0.0002572840783213,0.0004112741926629,0.0009134890680289
2021-03-30,0.0002283441716562,0.0002190437159389,0.0001301041516214,0.0001347105856542,0.0002634674065906,0.000426489559905,0.0009184120054451
2021-04-27,0.0002120516540173,0.000207686878898,0.0001200753396643,9.940573417091608e-05,0.0002657443610649,0.0004277757597309,0.000920324008012
2021-05-25,0.0002047005292995,0.0002067904848542,0.0001166986208443,9.04217209434334e-05,0.0002658929407535,0.000419410897962,0.0009077924942473
2021-06-23,0.0002020511029433,0.0002034943786883,0.0001155252418391,8.439304131790174e-05,0.0002807706853789,0.0004185049893843,0.0009332272237836
2021-07-22,0.000198366628636,0.0002008094104569,0.0001060823594785,7.974493450315296e-05,0.000274151985319,0.000442855868422,0.000942742606579
2021-08-19,0.0001974569401235,0.0001992106526389,0.0001024129549162,7.114993212006511e-05,0.0002773097225121,0.000449646304487,0.0009313695376707
2021-09-17,5.302299143372567e-05,4.184528171259841e-05,4.2307666422864016e-05,5.625065110199606e-05,0.0002638500963459,0.0003254935665538,0.0005993450156323
2021-10-18,2.4966584332894884e-05,2.474510186883597e-05,2.8606863712587257e-05,5.323223405974516e-05,0.0001985254257999,0.0003005082487308,0.0005319721754952
2021-11-16,2.3586753894302502e-05,2.24103609340858e-05,2.755093323249618e-05,6.592078689844459e-05,0.0002299368013556,0.0003046466075394,0.0005180385715458
2021-12-15,2.244981455744847e-05,2.322417825951718e-05,2.853991159319915e-05,9.860222672430024e-05,0.000251343629354,0.0003099706547307,0.0005006461120192
2022-01-13,2.345481593414638e-05,2.624575694478785e-05,3.617198609042653e-05,0.0001086727518219,0.000264372543887,0.0003242834402858,0.0004941647944356
2022-02-11,2.4152954233444382e-05,3.7371583636547394e-05,8.058119771707654e-05,0.0001658803721178,0.0002885387253002,0.0003397800943433,0.0005000611694982
2022-03-14,2.6731866570599545e-05,5.578307976622442e-05,0.0001223164508202,0.0002236106441165,0.0003312878948272,0.0003585362777028,0.0004920693097737
2022-04-11,5.380992514046318e-05,6.587642402496499e-05,0.000170498394052,0.0002839643118419,0.0003878579347227,0.0004224033741216,0.0005137403275043
2022-05-10,6.83725755602726e-05,8.396881870737233e-05,0.0002079120888271,0.0003508602863035,0.000439759116879,0.0004352439148078,0.0005414580206186
2022-06-08,8.615892058187447e-05,9.95970391826166e-05,0.0002307396233151,0.0003799823033069,0.0004687903622529,0.0004576990956966,0.0005341360776113
2022-07-08,0.0001730128643577,0.0002200292430074,0.0003956102557824,0.0005448614925198,0.0005868921575787,0.0005133180898367,0.0005507224209864
2022-08-05,0.0002877899561051,0.0002430188807076,0.0004667155747514,0.0006075098808783,0.0006702761322401,0.0005402330887993,0.000536591248361
2022-09-02,0.0003139199370929,0.0002552794327492,0.0004840121929048,0.0006249797962938,0.0006753651520913,0.0005574786452212,0.0005129338302719
2022-10-03,0.0003786001019293,0.0002977265314217,0.0005754616561029,0.0006975757166553,0.0007626799982117,0.0006262839721494,0.0005054677666383
2022-11-01,0.0004699752816218,0.0003131572994252,0.0006392415911911,0.0007521265287211,0.0007987311120607,0.0006635317472598,0.000577449872869
2022-12-01,0.0004850865740238,0.000320466346397,0.0006562909080983,0.0008319353500624,0.0008771086894911,0.0007166153282223,0.0006369028848687
2022-12-30,0.0005086577332382,0.0003291146421105,0.0006746434686442,0.0008682098200549,0.0008774145819702,0.0007360942124691,0.0006724907138125
2023-01-31,0.0005445664804892,0.000334555019217,0.0006760589356293,0.000929975840228,0.0009335953755668,0.0007531281210731,0.0006697344171722
2023-03-01,0.0005528219949491,0.0003665376911057,0.0007041203610228,0.0010140272815328,0.0009796851344139,0.0007610044302765,0.000674853281526
2023-03-29,0.0006406985661671,0.0004244970217686,0.001263794111066,0.0014917450187997,0.0010797110837744,0.0007660010263056,0.0006857777882012
2023-04-26,0.0007010417245221,0.0004431703319867,0.001296052048734,0.0015852644864025,0.0010885257387202,0.00075266933145,0.0006701997518834
2023-05-24,0.0007377668777567,0.0004673761004137,0.0013722990786992,0.001640017820741,0.0011168675864347,0.0007622985836957,0.000672739399874
2023-06-23,0.0007799244113152,0.0004809776150714,0.0014078257596092,0.0016958948644152,0.0011270941081104,0.0007561551681791,0.0006523181895552
2023-07-24,0.0007898013557895,0.0004773565004054,0.0014132168657052,0.0017704334422634,0.0012033249082087,0.0007692694674395,0.0006379338673324
2023-08-21,0.0007890477852061,0.0004728010354599,0.0013696622892946,0.0017427845035793,0.0012400822630357,0.0007970171102435,0.0006554563340817
2023-09-19,0.0007869300222821,0.0004650504822457,0.0013315294380991,0.001704239991867,0.0012018397567282,0.0007902463356453,0.0006557020379971
2023-10-18,0.0007637508698196,0.0004579383540877,0.0012958738230145,0.0016682421456148,0.0011671605468849,0.0007779496670663,0.0007015644416758
2023-11-15,0.0007469262484158,0.0004410378403582,0.0012656812017389,0.0016880180327613,0.0012067495252234,0.0007835121566473,0.0007081392666312
2023-12-14,0.0007388621127149,0.0004197266484224,0.0012434491238814,0.0017366591372539,0.0012238129891932,0.0007665883715761,0.0007354003536755
2024-01-16,0.0006151861531346,0.0003060804924523,0.0011230486005628,0.0016341321854053,0.0011311837006424,0.0007217772715215,0.0007404041537919
2024-02-13,0.0005393276131543,0.0002844625087746,0.0010889708810011,0.0016228782329981,0.0011019482948507,0.0007106474066539,0.0007574863369088
2024-03-13,0.0005110959006657,0.0002812028805373,0.0010634789561147,0.0016286360197939,0.0010742670348444,0.0006713029778984,0.0007410053430483
2024-04-11,0.0004509397322154,0.0002393798045293,0.0009784926627219,0.0016271334678146,0.0010086874313505,0.0005848047563184,0.000730752561266
2024-05-09,0.000359590611867,0.0002224369991734,0.0009367363129728,0.0015799021682617,0.0009872552444009,0.0005659916249988,0.0006737563828226
2024-06-07,0.0003527918449238,0.0002165400166929,0.0009250801582484,0.0015415515048885,0.0009222900343602,0.0005228883516532,0.0006163593086976
2024-07-09,0.0003169537296541,0.0002128386329929,0.0009179243820553,0.0015240618435674,0.0009209017387033,0.0005005603773072,0.0005719725003141
2024-08-06,0.0002934215328882,0.0002265868263743,0.0009984624324953,0.0015127422861237,0.0008718781613718,0.0004859347467958,0.0005809991016072
2024-09-04,0.0002855399711777,0.0002122729274317,0.0009843722466639,0.0014682000037909,0.0008401335458784,0.0004747210240608,0.000574796485699
2024-10-02,0.0001968601157324,0.0001668159845719,0.0004621860006626,0.0010129163544997,0.0007369069609152,0.0004621838679842,0.0005696372261723
2024-10-31,0.0001546806975737,0.0001538504419225,0.0004472354755441,0.0009541452252418,0.00071341057259,0.0004613166953835,0.0005778676468859
2024-12-02,0.0001345500977677,0.0001296764948466,0.0003825318506769,0.0008965758008116,0.0006719560550787,0.0004706875605239,0.0005894337311735
