date,lambda_1,lambda_2,lambda_3,lambda_4,lambda_5,lambda_6,lambda_7
1991-07-08,0.0015995670915598197,0.0006868288239292629,0.0003527685340856432,0.00023470854801942964,0.00020627979280046844,9.568559979034967e-05,1.2425233625426673e-05
1991-08-05,0.0015683484670173885,0.0006606767141153259,0.00035559515295480946,0.0002217835010053092,0.00021711051884338046,0.00010322659634407517,9.831620637913129e-06
1991-09-03,0.0015286093657683594,0.0007097503741871117,0.0003581775591531063,0.000225093691829069,0.00021524774173885275,0.00010216561674571535,3.5076809438850324e-06
1991-10-01,0.0014824449822288823,0.0006925130550407643,0.00035256349878407743,0.00021195432540757568,0.00020672270757886925,0.00010606578047410191,6.883418606827541e-06
1991-10-30,0.0015019982800808002,0.0006829446948725387,0.0003443353402852317,0.00021048337036494346,0.00020614816301786819,0.00011167368100627524,1.156923470814379e-05
1991-11-29,0.0013803852137916075,0.0007175292761291556,0.000333070065243657,0.00019617019882306862,0.00018187181915504502,0.00011462997249211268,1.6633670798953498e-05
1991-12-30,0.0014251364969106281,0.0007704338136825182,0.00035412063367251667,0.00020636510000129278,0.0001820456599137956,0.0001302232976524277,5.29751731172206e-05
1992-01-29,0.0013923436635984152,0.0007720213769680824,0.0003597398345743276,0.00021381734780429954,0.00019281261660751526,0.00018600331387828094,9.152158789077796e-05
1992-02-27,0.0013053276563718486,0.0006984599638470828,0.0003796589144135791,0.00021878553039025162,0.00020151056920960473,0.0001810086341665273,0.0001064196906497064
1992-03-26,0.001350124800652162,0.0006709761306838584,0.0004073617797344812,0.00021538592172593287,0.0002033605213157678,0.00017836176308791193,0.00011579182752558674
1992-04-24,0.0013861360504712147,0.0006517164723933354,0.0004253918976230598,0.00020895596284669856,0.00020334868825959163,0.00017303374745402387,0.00011900521170027694
1992-05-22,0.0014528780673052828,0.0006282627456412676,0.0004336271240238843,0.0002167357345478603,0.00019999607935648953,0.00017348162104946775,0.00012564606194614812
1992-06-22,0.0014343643300578303,0.0006222339588398606,0.00042884587633545095,0.00022190740102731276,0.00019394910631580366,0.00014872072424382642,0.00012926885175731527
1992-07-21,0.0015293394446240231,0.0005219806450548835,0.000403027571730151,0.00022674860837785255,0.00018617521064982645,0.00013948915219601948,0.00011832829495754459
1992-08-18,0.0015064349943782935,0.0004937620934912662,0.00040602522942778256,0.0002490274489359265,0.00018226229997402577,0.00013923564495037704,0.00010828128119192847
1992-09-16,0.0015839201174713807,0.0004857926268585092,0.00040592128540345386,0.00026069305765875564,0.00017653286089016056,0.00014863545755128098,0.00010663634759995822
1992-10-15,0.0016322201743383053,0.0004830093359004145,0.0004036778954984965,0.00027064998989501993,0.0001728117269728382,0.00016388076379182727,0.00011261463960419847
1992-11-13,0.0017161835105397435,0.0004977316445919958,0.00040046235958282215,0.000266469650807064,0.00018630069434328147,0.00015966520834754326,0.00010990383290445024
1992-12-14,0.0017686722166533075,0.0004888401526981681,0.0003922631208657292,0.0002655550678146638,0.00018374171053774983,0.00014013264493722215,0.00010694792898666028
1993-01-13,0.001795221771432451,0.0004970050455402352,0.000395884379066235,0.0002730929167147028,0.00018392644141465234,0.00012802080990275934,0.00010547260242956401
1993-02-11,0.0018003182922782931,0.0005063894383448065,0.00039514045918185464,0.00027969833864356874,0.00019054216693722772,0.000129895894278854,0.00010680462627679612
1993-03-12,0.0018163225919168597,0.0005135569844219303,0.00039059819909864195,0.0002734174810166138,0.00018183362719928806,0.00013832235629303148,9.985708796913443e-05
1993-04-12,0.001859231213574595,0.0005237100514412592,0.0003967760803595989,0.0002681749770062143,0.00019574592313390915,0.00014124357951409355,0.00010134040667522953
1993-05-10,0.0018276550838726472,0.0005057084046302696,0.0003850213930032198,0.0002646916511665626,0.00019540887684691883,0.00014398802746837879,9.925978884870335e-05
1993-06-08,0.0018594996093088069,0.0004990749468254666,0.00037628820499784716,0.0002537226109837425,0.00019284655901082045,0.00014597013461048884,9.542848159932843e-05
1993-07-07,0.0018210568543909132,0.0004528968702703462,0.0003180907324332306,0.00021911934242196889,0.00017264110779768085,0.00013503384127522966,8.675051238503075e-05
1993-08-04,0.0017772685831403561,0.00041766336408073006,0.0002867026846881883,0.00021717469398093895,0.00017435676796313145,0.00011260861718223624,8.357888636491859e-05
1993-09-01,0.0016982137743478218,0.0003931204269189802,0.0002920216526756594,0.00022274350374550355,0.00018169911835829494,0.00010297810142578794,8.072901386935238e-05
1993-09-30,0.0016606015786936302,0.0003993311971342298,0.0002984433817660014,0.00021677804723489359,0.00017735380929144608,0.00010491064695258658,7.770970246021289e-05
1993-10-29,0.0015440357950632906,0.00040050648755469206,0.0002817985764686642,0.00022034813814689655,0.00017698388787965844,0.00010381714176020779,7.648133624539142e-05
1993-11-30,0.0014874675119630994,0.0004091233658036132,0.00027577793808890083,0.00021895482774888633,0.00017068076077132792,0.00010641300720597827,7.281663178489395e-05
1993-12-29,0.001443201750780702,0.0004211468258602746,0.0002704659002129688,0.00022056256254734862,0.00016829213604231306,0.00010533317620802715,7.506120391236504e-05
1994-01-27,0.0013861671786004103,0.0004106408024699509,0.00023503233169994863,0.00018964520343851948,0.00016517752863527018,0.00010026094535808479,7.747230208021626e-05
1994-02-25,0.0013791448632413808,0.0004018428526062499,0.00023720937901422994,0.00019187536585199886,0.00016653315529474913,0.00010352538102900023,8.558803883639107e-05
1994-03-25,0.0013206773849713733,0.00041602522896993344,0.00023259597632804572,0.0002050482103897801,0.00015190208547007984,9.49549111533455e-05,8.480243727444185e-05
1994-04-25,0.001470110377055764,0.0004253707911551791,0.00023496775091146144,0.00020552975667514328,0.00015486412476225597,9.257299205868288e-05,8.701294457841412e-05
1994-05-24,0.0015961352355681766,0.00038584275070836056,0.00027043154541972166,0.00021012610387071846,0.00016027164977325194,0.00011216353300138386,9.137805999738678e-05
1994-06-22,0.0016064462013347296,0.00036934720259333025,0.0002701137944826568,0.00021283003136763818,0.00015748894191438086,0.00011196821729073229,8.971963128143269e-05
1994-07-21,0.0016770355757100305,0.000342969954982168,0.0003089246357052561,0.00022550029404098433,0.0001548456556188657,0.00012457059655360812,8.723840871998722e-05
1994-08-18,0.0017809412665418236,0.0003758111784536183,0.0003114525007395574,0.0002067413230575538,0.00014795070640560975,0.000142989386324768,8.141948769286935e-05
1994-09-16,0.0017514953915019325,0.000369739592428748,0.00027199465255914904,0.00018336136204316283,0.00015471152865623267,0.0001350268543412948,7.982454710008038e-05
1994-10-17,0.0017397132367933655,0.00048363783024934446,0.00027657355984981615,0.000184568815678386,0.00016642661224001672,0.00012497591260192945,7.869371465394221e-05
1994-11-15,0.0017765882331033807,0.0005147511357314316,0.00027331666473514823,0.00018587026285258403,0.00017238930234165177,0.0001238396833730838,7.731059719902072e-05
1994-12-14,0.001846705727856487,0.0005930580661427606,0.0003457864360743637,0.00021612254436843254,0.0001764449720993855,0.0001341541603902902,7.805330842638138e-05
1995-01-13,0.0018954204953260494,0.0007010657910466969,0.0003849216613359009,0.00023274162359269583,0.0001870612818654821,0.00014936438894792422,8.321771405985032e-05
1995-02-13,0.0019589928461289747,0.0007431188390654337,0.0004159359513305776,0.00023627859791682348,0.00017940915960060013,0.0001493918439555008,8.698959221179035e-05
1995-03-14,0.002024728105695466,0.0007647582314542356,0.0004286905876168,0.0002378330468439842,0.00017263643919531867,0.00013041379750660057,8.29979412868925e-05
1995-04-11,0.0020199919527803412,0.0007642221131057376,0.0004254339718029972,0.00024391301549746093,0.00016638595243916767,0.0001261254361670299,8.559322341656572e-05
1995-05-10,0.0020728150016313665,0.0007703287854283862,0.0004235667313127779,0.0002482844502155754,0.00016896230616254666,0.00012467715228458307,8.238292925606223e-05
1995-06-08,0.0021741862149209853,0.0007824451740101204,0.000425156699466697,0.00025038933083972406,0.0001776330522534376,0.00012404027846973047,8.273318514270388e-05
1995-07-07,0.0024176285810830417,0.000796323917170746,0.00041898241938864066,0.0002696113413038584,0.0001879005139669102,0.00012642905813060434,8.298571347269895e-05
1995-08-04,0.002425306041414458,0.0007944347688917834,0.00043690061931053834,0.0002749685603081114,0.00018950305674983106,0.00012911399039082036,8.359998914735769e-05
1995-09-01,0.0023948837418027876,0.0007885142974507538,0.0004335981380691902,0.00027237922608232165,0.00019084880399626244,0.00011663460919639816,7.160597041128754e-05
1995-10-02,0.0023877402267428564,0.0008047101735128235,0.00042515280196342767,0.0002704374833532111,0.0001894239759467376,0.00011565073273192912,7.10004909705146e-05
1995-10-31,0.002098061546997664,0.0007861849561852331,0.00041044640081033747,0.0002529966267326726,0.00019002605845702707,0.00011493779478917759,7.211075658978743e-05
1995-11-29,0.0019088597813858158,0.0007466184955178852,0.000379632196721017,0.00023446270007031173,0.00018091955083555952,0.00011438975960842138,6.870069900888897e-05
1995-12-28,0.0018567929475703242,0.0007832707135792007,0.0003787595725899467,0.00025389207781846156,0.00018387108927558383,0.00011211515046385022,6.899033557583447e-05
1996-01-29,0.001776260910883628,0.000770810353198915,0.0003881756184396789,0.0002417395404290803,0.00018295771965138634,0.00011547831198294719,7.732426156926367e-05
1996-02-27,0.0017538697890480584,0.0007087798708480355,0.00039419432500639566,0.00024186141280034367,0.00018351249561110192,0.00012192534908595773,8.469939495410726e-05
1996-03-26,0.0019451445636460187,0.0007202221048830615,0.0003961960798559878,0.00024733525239195895,0.00019355288561402007,0.00012043336098684873,9.204436040430472e-05
1996-04-23,0.0021022756440487876,0.0006192618366080228,0.00037481185786210325,0.0002429930999607432,0.0001909802388314373,0.0001239444481574073,9.712615152099747e-05
1996-05-21,0.002105160929739975,0.0005822486948972654,0.0003804803582061516,0.0002453883991910326,0.00019277985918744013,0.00012561545175024052,0.00010276542244389418
1996-06-19,0.0020907884531537226,0.00045390002476377775,0.00031755600374463734,0.00020615976284814433,0.0001712112736775156,0.00011525560602693804,9.812748438906379e-05
1996-07-18,0.002152333229456491,0.0003340591766007303,0.00030499599507147874,0.00020248611970658087,0.0001469119300994838,0.0001057188016576983,9.4383598593137e-05
1996-08-15,0.0020974090186741514,0.0003240426843823884,0.00029206549103419447,0.00020233319173521396,0.00013659255125113415,0.00010257496611694474,9.059331478567274e-05
1996-09-13,0.0020777938490172897,0.0003145067535110914,0.00028782169789903593,0.0002123004833932096,0.00013393219391525301,0.00010250973097222859,8.715367608099191e-05
1996-10-11,0.002092570458265525,0.0003649969653306882,0.00028135604711588944,0.00021316871457554765,0.00013617101213622498,9.632016616038998e-05,8.812250503073417e-05
1996-11-12,0.00202777571463852,0.0003592182591459992,0.00027886316561079576,0.00020891189309733132,0.0001308554511785038,9.569972879559933e-05,9.110967229334966e-05
1996-12-11,0.0018843882804302537,0.00035261841693790566,0.00026290415878584895,0.00020740227653769224,0.00012709322487711234,9.241522508987538e-05,8.691109837251223e-05
1997-01-10,0.0017395014796353075,0.00035405918992463504,0.00024118433038595492,0.0001963134503262853,0.0001280889623911246,9.013157385503738e-05,8.10277000429559e-05
1997-02-10,0.0017006682024585406,0.00036929893505310715,0.00022876476894222102,0.0001982663963418951,0.00011730377227073011,8.728533810064214e-05,7.886941475526306e-05
1997-03-11,0.0016840553811092143,0.00037571757362737067,0.00022119025911586008,0.00020512691596139603,0.00011486639369407912,8.901663750741906e-05,7.784096522586095e-05
1997-04-09,0.001658887215193478,0.00036509813979345725,0.00022224355409412183,0.000208103932699446,0.00011714791003208243,8.780477653692499e-05,7.363358255949018e-05
1997-05-07,0.0017005230995880585,0.0003602883138773553,0.00023322539516137163,0.000206798903371409,0.00012035113448820761,8.303653235173742e-05,7.066091811836071e-05
1997-06-05,0.0016986967405391387,0.00047734236170752473,0.00025723176935187823,0.00020993505456748336,0.00012605138934289851,7.959325805039921e-05,7.091466861217789e-05
1997-07-03,0.001713782137947291,0.00044028742913918576,0.00024993068079849694,0.00020649621554787417,0.00012146793937695331,7.906891442745033e-05,6.894723759424799e-05
1997-08-01,0.0017151945341180124,0.00045485495326174404,0.00024388259361190812,0.00018701484033680087,0.0001246927462137174,7.579570845419803e-05,6.460618290191891e-05
1997-08-29,0.0016280787905917997,0.00045855838756604287,0.00023788907832276372,0.00015179951365557526,0.00012528193367962765,6.948048153031475e-05,5.9756850816476146e-05
1997-09-29,0.0014296325178438237,0.00047819689819617847,0.0002482783066638296,0.00013605583771180015,0.00011944654049478244,6.258647788216206e-05,5.762828514762339e-05
1997-10-28,0.0013635489034490799,0.00048240848209999163,0.00024860974423249736,0.00014442542813631763,0.00010979478094310448,5.6132703436919774e-05,4.87538390765898e-05
1997-11-26,0.001310216249181752,0.0004900373276670509,0.0002622796632136237,0.00014600273823177432,0.00010265191181906725,5.301199630677441e-05,5.1619594115457285e-05
1997-12-26,0.0012544217339852492,0.0005267046191729511,0.0002652491231009679,0.0001492398113507669,9.634827155328475e-05,5.5422086597126814e-05,4.817636512115334e-05
1998-01-27,0.0012032248080669152,0.0005439941759251564,0.0002587729448610714,0.00017145850271007182,9.402356670965366e-05,5.475198233369607e-05,4.576743915343644e-05
1998-02-25,0.001156755265283017,0.0005672174779913101,0.00027852603655190936,0.00018168538672048024,9.172938437370904e-05,6.696683239777669e-05,4.855502092069763e-05
1998-03-25,0.0010910280526827865,0.0005812328239982687,0.0002792289345458832,0.00017593619867889136,8.96393628943161e-05,6.715969335767909e-05,5.025402348977456e-05
1998-04-23,0.0010678610371804614,0.0005639767912589521,0.0002814302265129899,0.00017039918285856914,8.356438947125255e-05,6.516072590123289e-05,5.0627731698942146e-05
1998-05-21,0.001074685923292259,0.0005751107306118448,0.0002925730844941981,0.00016530798048125232,8.363886894025706e-05,6.0296006200512936e-05,4.959849800047645e-05
1998-06-19,0.0010577068079671904,0.0005884356809685063,0.0002921409063568245,0.00016744181269791138,8.513232081971384e-05,6.111667089844226e-05,5.190678686951084e-05
1998-07-20,0.0009884744587792637,0.0005959239080484129,0.00029822869483452465,0.0001704531257700388,8.416206624094248e-05,6.190597608558792e-05,5.26707084470292e-05
1998-08-17,0.0009723152845257376,0.0006031905785768627,0.00029826323112523494,0.00017469909026188347,8.100459234343061e-05,6.90342947762719e-05,5.3205501190778905e-05
1998-09-15,0.0010110575107049758,0.0006260739200293243,0.00029638429438856475,0.00021003300025850585,9.999874946481488e-05,7.891162346264177e-05,5.8559338473472984e-05
1998-10-14,0.0011749568643498844,0.0007417805464730012,0.0004064550766747887,0.00023266411383589516,0.00014687913444698088,0.00014046722335932772,7.46367203387211e-05
1998-11-12,0.001321915141949597,0.0009401762868743984,0.0004269721598673334,0.00027067522894656397,0.00017463284025673133,0.00015988925996801147,0.00012206955747546413
1998-12-11,0.001316033163648527,0.0008947966860457759,0.0004048016083094452,0.0002838386640452695,0.0001860954867527938,0.00016234685829854585,0.0001226192545945442
1999-01-12,0.0013443237189022486,0.000887552965704638,0.000389310236673441,0.00028181363460882356,0.00019865407777963043,0.00016574360439497966,0.00013850283679263866
1999-02-10,0.001340283776648089,0.000910507617156951,0.0003903581895304454,0.00028752531998883963,0.00020197331690559352,0.0001641468433444999,0.00013825802441808294
1999-03-11,0.0013823899678563544,0.0009205638064930453,0.00038614521461449383,0.00029306311249230425,0.00020456839133965745,0.00016472507163812583,0.00014421085460311923
1999-04-08,0.0013709054054148807,0.0008896855963974042,0.00040963086235075083,0.00028265112973773843,0.00020664995017146757,0.0001668798185209476,0.00014495209702511147
1999-05-06,0.0013300239009269375,0.0008815700060290822,0.0003994012937684758,0.00028866999952963796,0.00021035440012415036,0.00016653437777054583,0.00014365914948447046
1999-06-04,0.0014114095778550784,0.0009013721755975933,0.00040181829789728894,0.0002968394949552812,0.00021153921663028729,0.00016624447629977972,0.00014556271061359226
1999-07-02,0.0014589768830892665,0.0009019142815679679,0.00039641723706931316,0.00030127874684220525,0.0002089761138675626,0.0002023712234863064,0.00015091497856227842
1999-08-02,0.0013789145103929386,0.0009165909473043597,0.0004912120830145039,0.0003289814704363204,0.0002091970181565557,0.00020190887724505494,0.00015563975092506703
1999-08-30,0.0014546098086162832,0.0009626879438316762,0.0005074742731923255,0.00033222729109641123,0.0002182434663016075,0.0002034945894702293,0.00015014579282326734
1999-09-28,0.0014906083191605268,0.0009745263781042481,0.0005198326091243461,0.00033107413580799825,0.00022493482807002361,0.00020166959556851613,0.0001473930529929403
1999-10-27,0.0014825936994271151,0.0010100888853964856,0.0005255610998119205,0.00033052228653457464,0.00022746797975181646,0.00020435084814345839,0.0001480712962104298
1999-11-26,0.0014728101548026667,0.0010131837906386307,0.0005258263467083929,0.0003292255527629561,0.0002285043716722834,0.00021193711758416716,0.0001509594193302039
1999-12-27,0.001480965543534155,0.0010570715313439351,0.0005236271392656909,0.00032663429927728667,0.00023215814078759005,0.00020975960632038833,0.00015241822516985266
2000-01-25,0.001570913580930421,0.001100919222551225,0.0005442788120352317,0.0003384853647682003,0.00023563650854600406,0.00021364363565888646,0.00015046848178933137
2000-02-23,0.0016177182577502664,0.0011170025629389539,0.0005733701643965534,0.0003688166382798602,0.00032841864115385535,0.00024226001930833358,0.00015958530157887685
2000-03-22,0.0015167477961832722,0.0010935114190388944,0.00056200760994428,0.00036417743897754505,0.0003309797714869949,0.00023577455199780202,0.0001582863335470106
2000-04-19,0.0013590486328900714,0.0008298674710277749,0.0005132109360901333,0.00035981978358035706,0.00022036990009968916,0.00018640682202622605,0.0001382145327170481
2000-05-18,0.0013265234638642955,0.0007989629290849052,0.0005398562841186983,0.0003753353077991394,0.00021094650704830994,0.00014372656562224606,0.00013064993060100643
2000-06-16,0.0013331264971148977,0.0009257180339626984,0.0005734774294166734,0.0003683058293491357,0.00022723159265195493,0.00014042623594482032,0.0001298537747294205
2000-07-17,0.001286060667350059,0.0009750968786207329,0.0005867475710689044,0.000372702435793294,0.00021159641414662057,0.00013575827891599516,0.00011477482000299568
2000-08-14,0.0012723349034035932,0.0009615126329895125,0.0006101331625741672,0.0003725730100525375,0.00023615306407972415,0.00017584082057421236,0.00011575878233065065
2000-09-12,0.0012219504770232643,0.0009559089449161396,0.0006024763232235447,0.00037353034723890935,0.00023242220955513025,0.00018795458323268453,0.00012034871119052762
2000-10-11,0.00120045870902892,0.0009538646881129713,0.000578635240969116,0.00041620597040759847,0.0002430323829192837,0.00018885205577208862,0.00012407633479392168
2000-11-08,0.0011599082248468495,0.0009527270862060736,0.0005818082822983623,0.00042400969708625334,0.00025543693098809505,0.0001938359970898411,0.00013251484888282476
2000-12-07,0.0011105297207500496,0.0009259121912115133,0.0005650907486044542,0.0004208728901526624,0.0002541398756933373,0.00019074639902242615,0.00014447121661105762
2001-01-08,0.0014809817184284436,0.001123996459885872,0.0004752884002260322,0.00044393171772483725,0.00033370919566452783,0.0002008805487384459,0.00016807265899794097
2001-02-06,0.0014898384813607948,0.001161809728313443,0.00048828024846341185,0.00041007674549713976,0.0003539709621098877,0.00021726258088919717,0.00016784739958762546
2001-03-07,0.0014055537556441266,0.0011368899583799968,0.0005211940214569131,0.0003962705911966838,0.0003585421800818417,0.0002322119519249917,0.00017773538988944613
2001-04-04,0.0014158391427358502,0.0011530726903443604,0.0005452837764064387,0.0004266864967875656,0.0003554071543157168,0.0002323612992265902,0.00018496191626707752
2001-05-03,0.0014822472112125658,0.0012135655989068746,0.0005828466258107592,0.0004187128372760691,0.00037267868663669047,0.0002316886423138832,0.00019198118767145818
2001-06-01,0.0015094421308443247,0.0012708580985157207,0.0006413428961642425,0.0004338792083564111,0.0003889675295199664,0.00024192072169706654,0.0002167505312341689
2001-06-29,0.0014870927141200554,0.0012330381227694189,0.0006613811739715721,0.000428478211703651,0.00038117593674669994,0.00024254141990798212,0.00022130578884252167
2001-07-30,0.001421852980940264,0.0012199342603385797,0.0006518501580221459,0.0004024186372741548,0.0003439368033163285,0.0002452336000632705,0.00022265072863985648
2001-08-27,0.0014196341023789063,0.0012118407744067135,0.0006001302186193209,0.00033611297935806937,0.000311155294812178,0.00023716838530532468,0.00021004240048618829
2001-09-27,0.0019236030924040274,0.0012798847090100985,0.0006673139851420967,0.0003355788110764732,0.00031860177401660803,0.00025388112168769125,0.00020925294138130662
2001-10-26,0.0019277043150925852,0.0012513990799621288,0.0006453972446880126,0.00033786274813672523,0.00032707763721525544,0.00026239089476229864,0.00020069770057159393
2001-11-27,0.0020035737076917054,0.0012459391633755856,0.0007011706290427492,0.0003788675135695046,0.0002950002493959704,0.00027457246430209726,0.0002522268741705881
2001-12-26,0.002132603225897747,0.0012348172615417282,0.0006757782430188764,0.000403387376851532,0.00030100033593714523,0.000263247243552022,0.00021547659142805048
2002-01-25,0.002210734871974574,0.0012087149623129477,0.0006546104509113868,0.00039153622153414937,0.0002965108607099743,0.0002712798208999751,0.0002081518822885945
2006-02-15,0.011930299913434672,0.0016126956295001499,0.0006404120382919905,0.0004832681240464547,0.0002642339019410098,0.0002363278706407877,0.0001782625857144406
2006-03-16,0.011926163993936518,0.001607955878832861,0.000634860026755238,0.00048599087726143786,0.000267886277227983,0.00023268828770253014,0.0001761114530252256
2006-04-13,0.011917598249584379,0.0016224435817913134,0.0006179568649557868,0.00046152377092295013,0.00026090806961113556,0.000230902964255414,0.00016532400412822424
2006-05-12,0.01191789969184541,0.0016160951146048106,0.0006181232035315512,0.00045659982110401217,0.00024068426355010604,0.00022783844703073115,0.0001573615341238766
2006-06-12,0.01190459341851543,0.001598973527073483,0.0006149980331624545,0.00046017326940875667,0.00023806875904936752,0.00022463178714760248,0.00015562418444870226
2006-07-11,0.011516676675698265,0.0014923127589413809,0.000454104886766163,0.00031005534094525976,0.00021969133636118036,0.00020386739612256128,0.0001481757612011917
2006-08-08,0.011481201930171794,0.0014501020893716442,0.00042215600075318894,0.0002987250370743979,0.00018953719787559916,0.0001866798728072987,0.0001444523930990775
2006-09-06,0.011435409336621672,0.0014136942084695373,0.00041093020537225804,0.0002856796060647706,0.0001848187285107601,0.0001746935551077397,0.0001379272059209659
2006-10-04,0.01136534100215775,0.0013746226055756589,0.00040869836856637955,0.0002499729611435622,0.0001794030711561311,0.0001461179137157651,0.00010053112623975318
2006-11-02,0.01124581396068217,0.0013041888574226743,0.0003927936623498547,0.00023241275945949303,0.0001776368828300143,0.00011786899040120573,9.302170290338756e-05
2006-12-01,0.011212850408653852,0.0012647189183742514,0.000352282712439632,0.00019026014567206416,0.0001700451890956229,9.764462140014483e-05,6.183692027253469e-05
2007-01-02,0.011192876098994359,0.0012739393910777574,0.00034516743558038097,0.00017664254916468353,0.00016989337356241387,8.166144253989182e-05,5.095246147481328e-05
2007-01-31,0.011178913132852478,0.0012530386450650228,0.0003455617690683488,0.00017194750353864122,0.00016515337940717538,7.60595039307866e-05,4.285269495075182e-05
2007-03-01,0.011173674474038522,0.001255747542249902,0.00034471376297241985,0.00017479538919878306,0.000118199700774968,6.357307547324312e-05,3.159583713145696e-05
2007-03-29,0.01075520300568067,0.0011227225204870695,0.0002963915830705787,0.00013084263897331747,0.00010898321684049555,5.4978786874864096e-05,1.0000000000004122e-06
2007-04-26,0.010728394240913137,0.0011199914441788368,0.0002783466279306688,0.00012414332520736362,0.00010694182017178154,5.176919454820996e-05,1.0000000000038283e-06
2007-05-24,0.010676852022802073,0.0008205318785170165,0.0001611632033789799,0.00010655306120772574,5.8730847389267576e-05,3.499722303088544e-05,9.999999999492483e-07
2007-06-22,0.0106560712431444,0.00067713120396746,0.00016675992893367282,0.00011506458669025434,4.8887686058938915e-05,2.0393940843349185e-05,9.999999999298919e-07
2007-07-23,0.010654140155410108,0.0006295559574575165,0.00017254968131748003,0.00011556996188379111,4.755560529528085e-05,1.2004085299657504e-05,9.999999999674154e-07
2007-08-20,0.001108285596586523,0.0008266519887210439,0.00021955618328407301,0.00017440813342489036,4.736224438232608e-05,2.7802083876436537e-05,6.841213095407399e-06
2007-09-18,0.0020906251339909776,0.0008829920719809158,0.00030802775479225463,0.00019685499446518763,4.766505489054697e-05,2.9610697737670876e-05,9.368988794047172e-06
2007-10-17,0.002217910520856456,0.0009093604830490377,0.00031491655812114066,0.00020067254191162453,4.811617258666921e-05,2.967494603577297e-05,9.258298891398174e-06
2007-11-15,0.002490226236267695,0.0009788681006149278,0.00034551029209447214,0.00019705202786942784,4.869077556887061e-05,2.9294526445985534e-05,9.84196542412135e-06
2007-12-14,0.0025945903186178946,0.0012174961973674312,0.00036340839321571966,0.00020439207481764293,5.651451917075636e-05,3.8351011379927266e-05,9.501314851928296e-06
2008-01-15,0.0027692115325411003,0.0013096889974922345,0.00041687119190120454,0.00023073199302252423,6.62580182292762e-05,4.1340935744502535e-05,1.0003129334057221e-05
2008-02-13,0.003234167339659987,0.0013965800174012568,0.0005006475342226626,0.00027972200518541085,6.581961672463467e-05,4.139918395335543e-05,1.0726167393691694e-05
2008-03-13,0.0033813640689302734,0.0016177774189497663,0.0005178919448407839,0.0003602418936525637,7.948057394256713e-05,4.6260402199884475e-05,1.1469104147861393e-05
2008-04-11,0.003926169315400539,0.0017784524605352215,0.0005823472080873379,0.00041055326706001746,8.640246042268887e-05,5.436845021155015e-05,1.1796305504843954e-05
2008-05-09,0.0039823707949650155,0.0018973443510222647,0.0006052865433175499,0.0004397010245826165,9.288951737494639e-05,5.702388429590135e-05,1.1826477894905752e-05
2008-06-09,0.003989679322378775,0.0020849091216803193,0.000651771388689707,0.0004620354960299017,0.0001022501523388844,5.8508684326070314e-05,1.2213060064441681e-05
2008-07-08,0.004044505999440492,0.002219848886015053,0.0006806262996935226,0.0004662747934955378,0.00011337336879178085,6.792900338721433e-05,3.4486893373599444e-05
2008-08-05,0.004152561139767532,0.002372528484851328,0.0006965870130384874,0.000492616013736752,0.00011931074141310846,7.025747452709407e-05,5.3756943109597476e-05
2008-09-03,0.004196915118439554,0.0023964248666895915,0.0007089300351777203,0.000501484946734666,0.00012008352989967325,8.789814974745381e-05,6.657433168184099e-05
2008-10-01,0.006138756516259383,0.0027582713335211027,0.0007788092032226812,0.0005575481747031502,0.000262335908543129,0.0001687667484499128,7.597908362373718e-05
2008-10-30,0.006828774078573423,0.003056606994457277,0.0011255257586901591,0.0005683480366578785,0.0004393371616263801,0.0002553351753067508,0.00011986071360743078
2008-12-01,0.006881430611558891,0.0032288021352362747,0.0012653628893588677,0.0008939768539629401,0.0004697708306851274,0.00027918567716009096,0.00016412477707231015
2009-01-05,0.006837878257968442,0.0033311967550784393,0.0014024977353431275,0.0010660601978897705,0.00055999880089511,0.00032130493417109504,0.0002494129670465168
2009-02-03,0.006837600486353698,0.0033114599670761337,0.0014332471784127472,0.0011826322685107385,0.0006004475948102835,0.0003641404780515867,0.000273540932505413
2009-03-04,0.005938417296277955,0.003392251350018627,0.0014157878090914782,0.0011713816535975476,0.0006086511878904749,0.0003921308988272757,0.0003050772999562394
2009-04-01,0.005065776976841505,0.00341762686162482,0.0014476116184117933,0.0011529856888279266,0.0006626301981538978,0.00045291898299748497,0.0003120713067843712
2009-04-30,0.00489252406768173,0.0034603642708935104,0.0014789760295315165,0.0011523325294879182,0.0006625848755046713,0.00046169253373723836,0.00032261618622851776
2009-05-29,0.004670436458521189,0.003453555800396095,0.0015759428930187229,0.001123773626112157,0.0006980292246921818,0.0004635015088194879,0.00033301797915456663
2009-06-26,0.004555694766014257,0.003486993189591677,0.0016636930116470802,0.0011011699370161953,0.0007113928626446436,0.0004799374130581509,0.00034045650277719753
2009-07-27,0.004383260041245411,0.003497923029871177,0.00169615194698046,0.0010522921290317543,0.0007085963433947002,0.00048325418653086857,0.00034601259478283055
2009-08-24,0.003972864591340033,0.003451080595519833,0.0017000385073919892,0.000992176321048552,0.0006878144209987529,0.0004769855130560821,0.00035267603535085555
2009-09-22,0.0037227131927075295,0.003344352908860925,0.0016639512252202885,0.0009523316939299374,0.000683300260419297,0.00047745402462264413,0.00035273453089697786
2009-10-21,0.003409255959015174,0.0030502874734638975,0.001637515803182576,0.000906403488116225,0.0006490393651231676,0.00047508409875506215,0.0003379130741389976
2009-11-19,0.0033662468843787935,0.0029785516020202816,0.0016198937643298035,0.0008535104667507475,0.0006364982905086847,0.0004766306522701771,0.0003365046489305123
2009-12-18,0.003285225286954263,0.0029635506434053864,0.001549206492738617,0.0008062033261018501,0.0006096324172354042,0.000477210042969938,0.0003279037314747403
2010-01-20,0.0032787024283349358,0.0029105771838216585,0.0015508078810897877,0.0007560633195739052,0.0005803754531443623,0.00046562465968545924,0.0003216500311086902
2010-02-18,0.0032175875591755206,0.002820678010449291,0.0015116299570051496,0.0007168302631140566,0.0005586628971284578,0.0004456481653935171,0.00031388484363160696
2010-03-18,0.0031911096141428626,0.0027867562765530886,0.0015121742748375753,0.0007034600308183295,0.000544089172938963,0.00042946301970411935,0.0003105970531480615
2010-04-15,0.0029928946021335464,0.0015642748633925916,0.000769998822115286,0.0005449115291510209,0.00037142186463721,0.00030324011987759887,0.00019578708515174682
2010-05-13,0.002750142387193964,0.0012759028981038957,0.0005010718347757794,0.0002975788128027896,0.00019468679678562244,0.00018131863388674382,6.67831218658031e-05
2010-06-11,0.0025355409301158587,0.0010786939778756487,0.0004768967272630747,0.0002515151638301679,0.0001635607360893802,9.496452915013229e-05,2.307573514220172e-05
2010-07-12,0.0023824232617301938,0.0007927860836108903,0.0004319879582210931,0.00017163544041295283,9.509960611568899e-05,6.312636320326426e-05,9.402012416348476e-06
2010-08-09,0.0022653045709892217,0.0007419756090549067,0.00039478124920709054,0.000170107786624317,9.173273196317381e-05,5.2669907508224676e-05,7.155882947738269e-06
2010-09-07,0.0021227625596554993,0.0007184512415771832,0.0003793190143430042,0.00015760619325831446,7.631919138781282e-05,4.78428513528304e-05,2.8160085156378513e-06
2010-10-05,0.0018755352190674983,0.0007079843024439892,0.0002960869705382643,0.0001273466404072082,7.751387940489408e-05,4.4870425540983414e-05,1.7070899481758499e-06
2010-11-03,0.00183697362084412,0.0007492707980732132,0.0003167555183228135,0.00013031999427360564,7.275248913500471e-05,4.117089452303999e-05,9.999999999991817e-07
2010-12-03,0.0017683800295143996,0.0007660981005370482,0.00037591754421890835,0.00013260504035456075,6.684215051953588e-05,3.771714122734785e-05,9.999999999999555e-07
2011-01-03,0.001781875750899415,0.0007009300828132594,0.0003456393978732408,0.00012731937208127443,5.1398912133976366e-05,3.613797772362505e-05,1.0000000000043846e-06
2011-02-01,0.0017045944551011528,0.0006737393803268823,0.0003263900038510822,0.00012491292016086387,4.71141100348372e-05,3.2239424365557506e-05,1.0000000000027359e-06
2011-03-02,0.001640200312888819,0.0006726798993238625,0.0003289150507219511,0.00012566874166763446,4.359028229009779e-05,3.2262549601155504e-05,1.0000000000002788e-06
2011-03-30,0.0016711265903413776,0.0006588353335913957,0.00032024151157229616,0.00012738287041705806,4.54471277961624e-05,3.1204939969824485e-05,1.000000000005941e-06
2011-04-28,0.0016346112156631347,0.0006466451592098615,0.0003141302336028131,0.0001259076646131091,4.513148187830154e-05,2.928730651818465e-05,1.000000000001058e-06
2011-05-26,0.001603347491683985,0.0006285173346909458,0.00030772150718649956,0.00012055501779646119,4.375927945089612e-05,2.829606068102231e-05,9.999999999983362e-07
2011-06-24,0.0015962611070791358,0.00062660208019981,0.00030590011516261714,0.0001123241330404135,4.1471441481666915e-05,2.636676158275916e-05,1.0000000000027534e-06
2011-07-25,0.0016540653333689097,0.0006366244809028431,0.00030707883628141745,0.00011189997723948101,3.9954232051742504e-05,2.4359858806967715e-05,1.0000000000081859e-06
2011-08-22,0.0018286538017482671,0.0007485870604650787,0.00031941356198896567,0.00012756327533423398,4.359847109393875e-05,2.7436212783767886e-05,9.99999999997986e-07
2011-09-20,0.001900045400373248,0.0007954846395143508,0.000320402029981576,0.00012410988488472733,4.165649810114641e-05,2.7489134638708494e-05,1.0000000000039908e-06
2011-10-19,0.0019900835987213335,0.0009730099398561915,0.0003281967390339173,0.00012541535221181858,4.0990568981229915e-05,2.742887717877593e-05,1.0000000000122218e-06
2011-11-17,0.0020540197031631295,0.0009942296719787204,0.0003038542398187233,0.00013009002260178651,3.7806590511262396e-05,2.7084145347171507e-05,1.000000000009516e-06
2011-12-16,0.0019865452370578466,0.0010294600873130314,0.0002879943764682485,0.00012612888617326802,3.6223511989537675e-05,2.690590336583471e-05,1.0000000000068285e-06
2012-01-18,0.001996251745194324,0.001043837756365946,0.0002869563297339104,0.0001247760442579202,3.575356617597936e-05,2.6088784395688134e-05,1.000000000015895e-06
2012-02-15,0.002002128621717141,0.0010258140074478432,0.0002738106142523679,0.00012297615169509478,3.642911360014531e-05,2.6181564840126493e-05,1.0000000000150915e-06
2012-03-15,0.0019428726591700222,0.0009934484724621409,0.0002637433565409474,0.0001179781842925463,3.799221312656564e-05,2.6677548083397225e-05,1.0000000000054972e-06
2012-04-12,0.001955828441469518,0.0009681851104072501,0.0002584900017608113,0.00011316071209227395,3.7379259941265584e-05,2.611503414207115e-05,1.0000000000095225e-06
2012-05-10,0.0019090824581272934,0.0008664609608100109,0.00022713876604085607,0.00010782726003606555,3.74772822764874e-05,2.6253403111196517e-05,1.0000000000152e-06
2012-06-08,0.0018437189087483629,0.000806504946163112,0.000183282378772393,8.870476047900755e-05,3.6205388221201636e-05,2.6938588320430433e-05,9.999999999993676e-07
2012-07-09,0.0017384330656349729,0.0007243925156652398,0.00016227026565639904,7.731359849449268e-05,3.556976088639759e-05,2.587262343596285e-05,1.0000000000118404e-06
2012-08-06,0.0017387618319653132,0.0006726561818530615,0.0001608884134848404,7.446149105690317e-05,3.5066114253083915e-05,2.4997272463877592e-05,1.0000000000298793e-06
2012-09-04,0.0017416445386940916,0.0006042441987949149,0.00014441860135183687,6.228091893070108e-05,3.398227461101796e-05,2.537827465422231e-05,1.0000000000012745e-06
2012-10-02,0.0017672449009706443,0.0005631757711119003,0.0001446252236919398,6.280089660049567e-05,3.2725322747476384e-05,2.4044019206135596e-05,1.0000000000163604e-06
2012-11-01,0.0017948479003667675,0.0005458606249285613,0.00013560292741678992,6.008080168107323e-05,3.181306327139776e-05,2.5713893062037834e-05,9.999999999992372e-07
2012-12-03,0.001798737472967573,0.0005335467642227289,0.00013194391598171952,5.74728019323599e-05,3.1539883461716785e-05,2.7727287630375935e-05,9.999999999963761e-07
2013-01-02,0.0017873513875393751,0.0004770478654817664,0.00011915106657809215,5.4542520749370065e-05,3.4859840240966403e-05,2.976195305244176e-05,9.999999999990523e-07
2013-01-31,0.0017699212198574055,0.0004080344689615519,0.00011688291884737301,5.167290273536915e-05,3.3556690602924844e-05,2.8317321669781526e-05,1.0000000000099257e-06
2013-03-01,0.001477627038887555,0.0003283535777971849,8.282007562798632e-05,4.902569330049418e-05,2.799618149508908e-05,2.5357616549140052e-05,9.999999999965887e-07
2013-04-01,0.0012799398848629883,0.00028355954872894614,7.340177314627673e-05,4.786043599666831e-05,3.043366071347359e-05,2.3780924066428874e-05,1.000000000010619e-06
2013-04-29,0.0011719525457479598,0.0002273336622199078,5.6873788045158204e-05,4.1094866914205566e-05,2.9997425715913684e-05,2.076211177583264e-05,1.000000000013679e-06
2013-05-28,0.0010503369655114226,0.00021937359594613305,4.8733529555922275e-05,3.882183422991467e-05,3.088619541828858e-05,1.9126232753928557e-05,1.0000000000032142e-06
2013-06-25,0.0010238444799099773,0.0002766713615717864,4.856923385952138e-05,3.9987734950934274e-05,3.062556275561006e-05,1.802245397119928e-05,1.0000000000092053e-06
2013-07-24,0.0010360260740781826,0.00030138002512329723,5.170769524393951e-05,4.022305465451249e-05,3.2051567634169474e-05,1.768308292177815e-05,1.0000000000086787e-06
2013-08-21,0.001035498622931328,0.0002863956519766171,5.228121049089774e-05,3.9323484203399784e-05,3.214615409241015e-05,1.7222843815970533e-05,1.0000000000027473e-06
2013-09-19,0.0010237654115292701,0.0003510257072774684,5.203433108642132e-05,4.238648806218589e-05,3.123799604035762e-05,1.9081657522678587e-05,1.0000000000064514e-06
2013-10-18,0.0009895931057226641,0.000347798884289775,5.6111487751411524e-05,4.5357419621788536e-05,3.719779585914834e-05,2.3535206477813916e-05,9.99999999999786e-07
2013-11-18,0.0010199610316156613,0.00035613453527633023,5.845359483829795e-05,4.568901841306861e-05,3.6692908572941e-05,2.3667074300605547e-05,1.0000000000102003e-06
2013-12-17,0.0009766130533424952,0.00032480364596400074,5.8359596712308364e-05,4.460627739303508e-05,3.626532942210693e-05,2.3068825255011154e-05,9.999999999975188e-07
2014-01-16,0.0009911260384161415,0.000360296331763718,5.8968912434401216e-05,4.454070390691687e-05,3.6427456443589395e-05,2.2966006163727535e-05,1.0000000000035073e-06
2014-02-14,0.0009898084740415684,0.0003669381778630497,6.253781712709276e-05,4.4973992035187576e-05,3.76670132424265e-05,2.40472719513044e-05,9.99999999997639e-07
2014-03-17,0.00098236894951594,0.00036318899240634294,6.387139264347954e-05,4.3050768326336414e-05,3.86681760067073e-05,2.2694714505253445e-05,9.999999999971376e-07
2014-04-14,0.0009928977158674796,0.00036767342110874944,6.64670848768907e-05,4.302662720867412e-05,3.9666813570030365e-05,2.1895365023831368e-05,9.999999999963285e-07
2014-05-13,0.0009796255412327737,0.0003786878384357107,6.622936354837443e-05,4.2601436956712906e-05,3.787105441910843e-05,2.1726302497443532e-05,9.99999999995938e-07
2014-06-11,0.0009938564825740393,0.0003810033673921827,6.56474411943065e-05,4.28353427943225e-05,3.6010978855382305e-05,2.0848413130200708e-05,9.999999999963666e-07
2014-07-10,0.0009846069970287758,0.00036857021603608564,6.752122569535901e-05,4.328253112975282e-05,3.145048776406466e-05,2.0191367911566366e-05,9.999999999947191e-07
2014-08-07,0.0009892411991993108,0.00038745187005130187,7.186026452684951e-05,4.2945372327917266e-05,3.173104181338377e-05,2.040155990029311e-05,9.999999999984435e-07
2014-09-05,0.000981392149505899,0.00041395520091539796,7.59470579643207e-05,4.2256838285479975e-05,3.007087770272003e-05,2.0193085445996668e-05,9.999999999969259e-07
2014-10-03,0.0009754130656397628,0.00042697323044231685,7.724440630535952e-05,4.323417374018013e-05,3.0038975366870068e-05,2.0663381130880415e-05,9.999999999966616e-07
2014-11-03,0.0010004857118408252,0.00041797889268614517,8.467666287266927e-05,4.258914732546171e-05,3.079130745680644e-05,2.1299236431693248e-05,1.000000000000604e-06
2014-12-03,0.000959708950623957,0.00040349810810646184,8.761925599072866e-05,4.339372726175331e-05,3.154010611824767e-05,2.1366530662289727e-05,1.0000000000023513e-06
2015-01-02,0.0008767013752867156,0.00042375114517531994,8.794593711786448e-05,4.170228157047074e-05,3.3121545326127344e-05,2.3536673013338615e-05,9.999999999922852e-07
2015-02-02,0.0008591423161229796,0.00042974619172014,8.144300434218353e-05,4.287307342968355e-05,3.4113436485266744e-05,2.3700420371810332e-05,9.999999999941124e-07
2015-03-03,0.000854858217068254,0.00042620435920342077,8.679686084760137e-05,4.4444712838663765e-05,3.792924471258362e-05,2.4285274731739933e-05,9.999999999956396e-07
2015-03-31,0.0008199323630578889,0.00041150964214199535,8.926348044172578e-05,4.518776593156579e-05,3.7073482014381157e-05,2.5164150344781026e-05,9.99999999992201e-07
2015-04-28,0.0008258226900115931,0.0004135662380193154,8.461229658548941e-05,4.215636476154354e-05,3.75861584581418e-05,2.0698356618922774e-05,9.999999999966226e-07
2015-05-27,0.0008389052454686042,0.00043102213076957847,8.519674512503397e-05,4.24311851861549e-05,3.8008021836830486e-05,2.0371689025085582e-05,9.999999999912573e-07
2015-06-24,0.000887508996349991,0.00043785516569422994,7.888035737380338e-05,4.5963397684532915e-05,3.850704519047449e-05,2.096854079513492e-05,9.99999999996302e-07
2015-07-23,0.0009389170315879417,0.0004210531331034456,7.219383708999767e-05,4.943897856694265e-05,3.904803885962105e-05,2.1835234700415302e-05,9.999999999950908e-07
2015-08-20,0.0009386175187951973,0.0004211971691060383,7.464989999856542e-05,5.1383386464669564e-05,3.921201156886083e-05,2.6752199463558345e-05,9.99999999993891e-07
2015-09-18,0.0009410242820845115,0.0004147262375704677,8.798826739845657e-05,6.537268796963887e-05,3.821767014672851e-05,3.6306294331047485e-05,8.725026587133847e-06
2015-10-19,0.000959291210149807,0.00038247399505098327,8.89769333309429e-05,7.199751397859027e-05,4.05297431629707e-05,3.704408135517301e-05,9.127663009144479e-06
2015-11-17,0.0009605347533851018,0.0003744207722294809,9.463857338394466e-05,7.602462187386732e-05,4.901674077556053e-05,4.114575013004608e-05,1.1554606300504609e-05
2015-12-16,0.0009987684636323607,0.00038176653191184336,0.00011543027607366161,9.892681601344604e-05,5.627819147494982e-05,4.108677818416148e-05,1.9344928247147566e-05
2016-01-15,0.0010168026186497608,0.0003875047074638517,0.00012818240759458727,0.0001136355432568317,6.914768446191443e-05,4.120739773582897e-05,2.0714742991820095e-05
2016-02-16,0.0010473324158227376,0.00038418649265241784,0.00015071049814583868,0.00012525430217758175,7.455877845127916e-05,4.5248457322442324e-05,2.6021932129703607e-05
2016-03-15,0.0010617406341141705,0.0003685235169025163,0.0001590814921912015,0.00012943269473969588,7.84964302510911e-05,4.750236315078753e-05,2.9373238325452392e-05
2016-04-13,0.001060198735348713,0.00037419653165327726,0.0001648086127047094,0.00013345761211684665,8.116123843930686e-05,4.789028610367622e-05,3.408704148420819e-05
2016-05-11,0.0010511410920722197,0.0003509608410245616,0.000167066829805342,0.00013770781420756852,8.323334127196061e-05,4.8854942084953664e-05,3.535046138418865e-05
2016-06-09,0.001048668980965782,0.0003495272043131437,0.00017688641186620443,0.00013871843850026778,8.344411213522406e-05,5.3266780283616434e-05,3.541706736790062e-05
2016-07-08,0.0010396702273603685,0.0003390636244665187,0.0001817751318625602,0.00013752734441265226,8.564309842580206e-05,5.241182358993547e-05,3.725596651646633e-05
2016-08-05,0.0010101770771933105,0.00033307651407124376,0.0001868551116762317,0.0001404719185731398,8.764287593575187e-05,5.1677305023014794e-05,3.667874119895029e-05
2016-09-02,0.0009625418485191709,0.00032055865937947585,0.00018502446086139163,0.00014016643934938172,8.925216000270102e-05,5.202640379047399e-05,3.801103683037389e-05
2016-10-03,0.0009173988349796952,0.00032732845991880643,0.00019483712241141665,0.00015026054392475356,9.210140632992563e-05,5.480610654066863e-05,3.965960742263314e-05
2016-11-01,0.0008997002123529048,0.0003234295297652651,0.00019456090194973225,0.0001522476602066863,9.365509923756543e-05,5.5635518696047815e-05,4.060273828019844e-05
2016-12-01,0.0009362761028542914,0.00031833822804254057,0.00020203349194246073,0.00015611638087039738,0.00010161186210181435,6.044835719295636e-05,4.122724345463918e-05
2016-12-30,0.0008806562910350312,0.0003353038822192004,0.00020469229149256907,0.0001579376517975911,0.00010592054556681368,6.672349579967243e-05,4.088232888412209e-05
2017-01-31,0.0008332688245611936,0.0003245465977574449,0.0002069103768483849,0.000155130599644185,0.00010613798815913521,7.144804190464681e-05,4.447267758720931e-05
2017-03-01,0.0008297305167194598,0.00031648125237124735,0.00020412883239605576,0.00015492440076038207,0.0001060268171166,7.42930129995306e-05,4.213532539212316e-05
2017-03-29,0.0007937108765997242,0.00030186465271926947,0.0002054055467462472,0.0001424829488325996,0.00010001502534625168,6.823559452491801e-05,4.055336659319e-05
2017-04-27,0.0007881824355734101,0.00030022999334644086,0.00020050465874541076,0.00013857062985889938,9.529579081695894e-05,7.102402321126723e-05,3.944792779161201e-05
2017-05-25,0.000780632049084184,0.0002908565524843103,0.00019533453770333712,0.00012790970367263567,9.581479537173543e-05,7.162140936790581e-05,4.064827706439124e-05
2017-06-23,0.0007277168666831658,0.0002743228083346554,0.0001757743855800884,0.00010692752135015119,9.182232610343763e-05,7.461925702666892e-05,3.919864256643299e-05
2017-07-24,0.000710849873860464,0.00026656878483937184,0.00015526905061774614,0.00010368147665748982,9.071530021192218e-05,6.748099895459722e-05,3.8901824499868884e-05
2017-08-21,0.0006733929975051951,0.00025940048051701205,0.00015300125001932872,0.00010022585150471012,8.082577720451476e-05,6.213852782258286e-05,3.0396044170321272e-05
2017-09-19,0.0006682762781189369,0.0002477975560902614,0.00015134851639660957,0.0001027473328156099,7.646031489136011e-05,5.530475221153837e-05,3.0126486211310673e-05
2017-10-18,0.0006520013587948771,0.00024914706499557616,0.0001478279117790703,0.00010169753904029912,7.683968114723695e-05,5.4932242298961326e-05,3.0352556291811843e-05
2017-11-15,0.0006445390971494756,0.00024843137292281266,0.0001467653607621789,9.986438755684285e-05,7.697029658087744e-05,5.499260742710673e-05,3.064004934704505e-05
2017-12-14,0.0006283395442086203,0.00024841787554379005,0.00014579257801233415,9.902054956742886e-05,8.167469280564282e-05,5.365400359302481e-05,3.118769617039484e-05
2018-01-16,0.0005797147834946407,0.000247573636720709,0.0001677528826710728,0.00010170866116051956,8.647675780207997e-05,5.479674867808829e-05,2.8936983708169354e-05
2018-02-13,0.0005731662981737058,0.00026516442513810844,0.00016716177938858525,0.00011014100437939931,9.788018273283082e-05,5.7914427787091884e-05,3.226485771555359e-05
2018-03-14,0.0005775395198428357,0.0002628231892914238,0.0001763761532739772,0.00010945472445062109,0.00010213162054028576,6.140447861836995e-05,2.977586628598647e-05
2018-04-12,0.0005694132736949436,0.0002494019701025877,0.00016786986204127437,0.00010761055319041437,0.00010438014409030876,6.311553152388313e-05,2.976206442202865e-05
2018-05-10,0.00057295465998436,0.00024093671244469406,0.00016782409641336976,0.00010728228440711909,0.00010579298699970112,6.234699031466011e-05,3.075750560285222e-05
2018-06-08,0.0005233573585304846,0.00022152968017836975,0.0001613145426290652,0.00010700169328355677,0.00010461501023138699,6.908292922535289e-05,2.997949781342862e-05
2018-07-09,0.0005026508947711375,0.00020234263912298438,0.0001604119152262094,0.00011040479770484632,9.985214589921875e-05,6.253923059782711e-05,2.9680670079656564e-05
2018-08-06,0.00047811749387390896,0.00019990906421402566,0.00016148039263428167,0.00011208982898739684,9.945172659996167e-05,6.191815341617276e-05,2.6872975583088306e-05
2018-09-04,0.00044981169026124914,0.0001932264981553695,0.00015749515257905723,0.00011021487499297792,9.32179123813142e-05,6.2097181809835e-05,2.487798081846398e-05
2018-10-02,0.00043956281800940674,0.00019622926643713892,0.00015325440004628976,0.00010970383332753017,8.784484390570153e-05,6.437176432687017e-05,2.3616557414940308e-05
2018-10-31,0.0004440784641350181,0.0002015722163093008,0.00015318783644744182,0.00011017927685526178,8.888157450481623e-05,6.124502531446919e-05,2.3373612510382296e-05
2018-11-30,0.00043392106656698395,0.00021051982046331786,0.0001500137742903012,0.00010970709384455818,8.80125502914479e-05,6.109624731897834e-05,2.239320458895365e-05
2019-01-02,0.00045015311507058144,0.0002273023795050492,0.0001486047984859074,0.00011308056486965662,8.926569985504731e-05,6.921760290883038e-05,2.4923875445455252e-05
2019-01-31,0.0004658657687628508,0.000241560297070002,0.0001386535601003096,0.00010935154810367606,9.129172205637215e-05,6.719281842105807e-05,2.3642884964456874e-05
2019-03-01,0.00047499674292854013,0.00024036959180901622,0.00012948314465562768,0.00010686103914688046,8.967824363720689e-05,6.654246775206709e-05,2.3871950239749475e-05
2019-03-29,0.00047922766444105343,0.00024406843996018174,0.00012888009114008612,0.00010460296607027621,8.677902085483358e-05,6.769049976291135e-05,2.44322503541767e-05
2019-04-29,0.0004886036812508407,0.00023616573315774614,0.0001270253462862342,9.918676898829745e-05,8.372359299024699e-05,6.580688170848231e-05,2.418345644094918e-05
2019-05-28,0.0005131036900626185,0.00022929507480700645,0.00012827832369806508,9.695944913231321e-05,8.217398922262982e-05,6.327008472667112e-05,2.3736777013409182e-05
2019-06-25,0.0005486721951245514,0.00022956563957556348,0.0001375024160194759,0.00010490234836574472,9.055872185940632e-05,7.909776516460013e-05,2.290417370005813e-05
2019-07-24,0.0005614543830351005,0.00021909353429756521,0.0001395641468715977,0.00010590222281717307,8.738580509877704e-05,7.705816440752715e-05,2.38247393283596e-05
2019-08-21,0.0005994587529455766,0.0002227466074446925,0.00014350674172384226,0.00011438848290886347,8.835378714820534e-05,7.015887505800258e-05,2.216678626079877e-05
2019-09-19,0.0006601301905879051,0.00022786782821374534,0.00014278536317965747,0.00011085164358014572,8.74245764261099e-05,6.591193308342997e-05,2.2239047408203467e-05
2019-10-18,0.0007073034766231254,0.00022594694546705912,0.00014104644604284313,0.00011827650690026892,8.800257041691408e-05,7.11035222549467e-05,2.2218967798442057e-05
2019-11-18,0.0007478548032080776,0.0002229165028839184,0.0001418157285471304,0.00011938509295760289,8.855520652551413e-05,6.55470929837555e-05,2.1678913043501436e-05
2019-12-17,0.0007247931037773267,0.00022736585444904214,0.0001398319956975095,0.00011941377154018647,9.193856017927216e-05,6.277545307593005e-05,2.219319894433288e-05
2020-01-16,0.0007289323693395093,0.00023347118841137031,0.0001509683577719418,0.00011836463227663984,8.581506480890875e-05,6.442712380370143e-05,2.337373232772418e-05
2020-02-14,0.0007602197194842141,0.00023056977221135434,0.00015078275562526821,0.00011505229528223265,8.471960161330221e-05,6.134446174550335e-05,2.4055070663955267e-05
2020-03-16,0.0010040133426182445,0.0004428546204585502,0.00028215822408999343,0.00016727786353659156,9.974371756180659e-05,9.279298435952517e-05,2.8762572459088518e-05
2020-04-14,0.001177016131289631,0.0005171021900360433,0.0003648603463789058,0.0001881696042701071,0.00012698180861193291,0.00010303522595462115,5.604638677825893e-05
2020-05-12,0.0012029034671688418,0.0005288365304350076,0.0003724477831698214,0.00019058217995847847,0.00012599061914537134,0.00010321934132290102,5.587731660507825e-05
2020-06-10,0.0012356905935819696,0.0005239588727042638,0.00036833587984462003,0.00018733216952359534,0.00012974333366053305,0.00010379024254399863,6.0012306834518785e-05
2020-07-09,0.001233858246163903,0.0004980813537684328,0.000360903087726988,0.00018069620740536599,0.00012617985525479968,0.00010101914958527206,5.638418386633918e-05
2020-08-06,0.001229300816862199,0.0004829530913832127,0.00034971615362682553,0.00018019906813889904,0.00012647550087279712,0.00010364759046993164,5.688545738623507e-05
2020-09-03,0.0012454784643534053,0.0004841593027857066,0.00036064535052156754,0.00018016250229538564,0.0001279544628707681,0.00010246022955456594,5.6703412400000484e-05
2020-10-02,0.0012380529108968678,0.00046441865172564575,0.00035354824613531745,0.00017514411076617988,0.0001245205388033047,0.0001016837618237669,5.5655529415117304e-05
2020-11-02,0.0012558441920801286,0.00045765119420210795,0.00035275093854816945,0.00017345307961820247,0.00012710443341378398,0.00010150581237562652,5.631383424688055e-05
2020-12-02,0.0012996642428367323,0.00044657266931484346,0.00034333488089943786,0.00017145256376671752,0.0001283083783107005,0.00010070703755719638,5.7556217898571964e-05
2020-12-31,0.0012860473641095257,0.00042864870895127166,0.00030250959031347205,0.00014519604799391805,0.00011821421640778903,9.539548637485133e-05,5.735799046887088e-05
2021-02-01,0.001299739610634656,0.00042257241384867876,0.00027762887681263886,0.00013326980392833345,0.00011203261656449179,9.010106998353102e-05,5.701576547817013e-05
2021-03-02,0.0012769062840004017,0.00041549855335024837,0.00027345465582239483,0.00012133091262617185,0.00010503035334476331,8.679177919142311e-05,5.531213758679653e-05
2021-03-30,0.0012722848747949889,0.0004040223618305879,0.00028545667198470905,0.0001179468280434932,0.0001001870602752766,8.550480997436084e-05,5.516898990798436e-05
2021-04-27,0.00126813513806313,0.00038669264802293957,0.00028191792332388563,0.00010129529889256234,8.930796310453374e-05,7.448872721397171e-05,5.122603693729369e-05
2021-05-25,0.0012396519392595836,0.00037932084802566883,0.0002856638192137959,9.939274416402859e-05,8.648873377221034e-05,7.141989041659949e-05,4.976971405234612e-05
2021-06-23,0.00125544500643268,0.00037620099903793754,0.00030522033888680884,0.00010027352306927392,8.34655725630227e-05,6.775976506185828e-05,4.960145828382122e-05
2021-07-22,0.0012860577252453262,0.0003761387334680552,0.00029762259965132983,9.905154076774963e-05,7.219908794147232e-05,6.719213567646703e-05,4.6491970644152476e-05
2021-08-19,0.0012767854876155455,0.00037486027175375744,0.0003026566511821711,0.00010049491381333304,6.949006090331303e-05,6.149036009933302e-05,4.2778299101011126e-05
2021-09-17,0.0008354097353425272,0.0002935643597803529,9.009599203583798e-05,6.953642542592752e-05,5.041750493269927e-05,3.515664914056239e-05,7.93460254527617e-06
2021-10-18,0.000739340423445605,0.00025901499881016555,6.555989811940412e-05,4.717968489144754e-05,2.7341712784025357e-05,2.3119915949316566e-05,9.999999999991237e-07
2021-11-16,0.0007347552469005253,0.00028424447668628117,7.472816910900616e-05,4.817250487859044e-05,2.773186446100032e-05,2.1458553364729517e-05,9.999999999961574e-07
2021-12-15,0.0007215418596996513,0.00030990731260484294,9.818282564274551e-05,4.943800228552909e-05,3.2630510189089215e-05,2.1579247962186612e-05,1.4967688543201116e-06
2022-01-13,0.0007310477885923879,0.0003252121171867448,0.0001001725718806386,5.122179375749705e-05,3.9779814033829805e-05,2.3851777264379957e-05,6.080226684182672e-06
2022-02-11,0.0007524797912686774,0.0003582222519607862,0.0001510328382168509,6.707703008732442e-05,5.049882505434304e-05,3.504310114203295e-05,2.2012259116554275e-05
2022-03-14,0.0007762672434166678,0.00040210339954628853,0.00021616173218661964,9.103813076446098e-05,5.2573055147142e-05,4.9504568044333074e-05,2.2687394471712468e-05
2022-04-11,0.000858652037811419,0.0005157826097356071,0.00022295298129148546,0.00013261680585966305,6.94308007830912e-05,5.6803093534119975e-05,4.191236239254271e-05
2022-05-10,0.0009151615606946,0.0006308765192159912,0.00024325047012311178,0.00013870107457046913,8.679836653951936e-05,6.173643314093332e-05,5.105039741902069e-05
2022-06-08,0.0009636856046632985,0.0006511613328059866,0.0002570505704046137,0.0001492352283383035,0.00010987003199386698,6.708491554165079e-05,5.901573819957091e-05
2022-07-08,0.0012683832596083369,0.0007434834031658542,0.0003596153990387162,0.00022039698333086404,0.00020423370336378915,0.00012085737688780573,6.74763986737339e-05
2022-08-05,0.0014238747907649348,0.0007458868239323838,0.0004427955734309561,0.0003023488991822779,0.00021904266689841287,0.00015090311500217754,6.728289263165625e-05
2022-09-02,0.001456049093372713,0.0007410470499049069,0.00044929473983257485,0.0003194765477132545,0.00022857554339853536,0.00016293028239392908,6.659573000918717e-05
2022-10-03,0.001676534713017689,0.0007796282685899871,0.000529425011950105,0.0003701635706901032,0.00023302381959682935,0.00018752907680050525,6.749128246337972e-05
2022-11-01,0.001791627235641757,0.0008662891892880826,0.0006322915120555199,0.00040516999822592833,0.00024203244137655945,0.00020705456810368419,6.974848845716814e-05
2022-12-01,0.0020007829362208287,0.0009041225335455159,0.0006420974473108982,0.00041401133497621033,0.0002640452291300702,0.00021853181224682042,8.081478773325604e-05
2022-12-30,0.0020720342873806518,0.0009511262510811561,0.0006563599579147327,0.00040347755671972177,0.00027515841210558795,0.00022994743043401592,7.852127666373137e-05
2023-01-31,0.0021855084390440976,0.0009481032147130323,0.000676238291353911,0.00042707315713326813,0.000283926876005476,0.0002389335009682554,8.183071015756145e-05
2023-03-01,0.002316734496629659,0.0009558883203816319,0.000677266911538309,0.000454515500893013,0.0002919902698314209,0.0002755061152911681,8.114856026159694e-05
2023-03-29,0.0030989795545929336,0.0011974339583448901,0.0007887779412485769,0.0005715067099753909,0.00031493039241451006,0.0002933011046017777,8.729495490451964e-05
2023-04-26,0.003235552628709361,0.0011790055708791537,0.0008085107527201746,0.0005852436515769344,0.00034717422828803914,0.00029477319924947425,8.666338227576164e-05
2023-05-24,0.003399697581461956,0.001188995456831626,0.0008352080639136604,0.0005886097355200582,0.0003732330795649563,0.0002961835301188007,8.743800020394412e-05
2023-06-23,0.003510155889978641,0.0011524762772864296,0.0008724884845612432,0.000609053434052121,0.0003841150831660358,0.00028743846672875145,8.446248048247814e-05
2023-07-24,0.0036313854639747883,0.0011659242667502762,0.000890931865058722,0.0006112434843381528,0.0003793318909680498,0.0002956669245847574,8.685251146935144e-05
2023-08-21,0.003596860582439875,0.0012052178942849301,0.000889270000115573,0.0006145821959474064,0.00038143918070949074,0.00029114192705060953,8.833954035291501e-05
2023-09-19,0.0034924962605244426,0.0012040891672724673,0.0008872344478948931,0.0006158232984641828,0.00038039862426179525,0.00026917345184180957,8.632281460490669e-05
2023-10-18,0.003417248812785992,0.0012490889117363427,0.0008663192225069188,0.0005927417650925371,0.0003729954690258231,0.0002561140883031877,7.797157871280033e-05
2023-11-15,0.0034457739043388357,0.0012721995428411818,0.0008515139211312739,0.0005781230645399022,0.00035632977291829464,0.0002576837471842471,7.8440318822364e-05
2023-12-14,0.003508051770875444,0.001251549588483493,0.0008220728370606532,0.000594981900495377,0.00035067913703782207,0.0002619927400269723,7.517076273763789e-05
2024-01-16,0.003257340917355725,0.00126082625474725,0.0006445963652385221,0.0005273722773671125,0.00026383659470898457,0.00024172367418328307,7.61164739099209e-05
2024-02-13,0.0032321751231507,0.0012529201636430427,0.0005901261198281499,0.00048380265917129044,0.00024159938431963604,0.0002273722771281671,7.772554710051373e-05
2024-03-13,0.0032284975695584836,0.0012122771395749084,0.0005612590608065705,0.0004653850321953206,0.00024022409927719845,0.00018940118508368887,7.39450264065293e-05
2024-04-11,0.0031349822349083624,0.0011257535716299952,0.0004997546617814176,0.00042620419884646383,0.00020009546700591266,0.00016663584794646282,6.676443409748552e-05
2024-05-09,0.0030470754427671136,0.0010820097446411485,0.0004450014938293762,0.00035908258618218676,0.0001755843399217177,0.00015435098646213345,6.256475069352208e-05
2024-06-07,0.002933464314971934,0.0010248407636187045,0.00043863447425000393,0.00034991877465695626,0.00016411053706623803,0.0001395324214416299,4.69999334591333e-05
2024-07-09,0.0029278041906735516,0.0009728935529512601,0.000422782801703772,0.00031535549510801,0.00015879233484921565,0.0001277250790759164,3.985975023257502e-05
2024-08-06,0.0029635021426110903,0.0009509043363639864,0.0004500152249257687,0.00029432430428099585,0.0001533732492786487,0.00012021605748801956,3.7689772707791596e-05
2024-09-04,0.0029084978790876177,0.0009396419470345225,0.00043300540901552005,0.0002762665672877779,0.0001312869702347057,0.00011573296014256553,3.560447189969042e-05
2024-10-02,0.002117180024150129,0.00074054606145136,0.000275493835610975,0.00019720186090094953,0.00012738805888750144,0.00011721092664078831,3.248574289659637e-05
2024-10-31,0.002047795843803656,0.0007357345709414068,0.00026451803731492295,0.0001669383240126637,0.00011749562828879755,9.703832898942147e-05,3.298602179063211e-05
2024-12-02,0.0019433944416940483,0.0007188605570079181,0.0002444076897779176,0.00015343613373713854,0.00010332232025869107,8.132180800499007e-05,3.066864039819747e-05
